date,task,run_name,run_dir,method_comparison_csv,results_txt,preprocess_mode,events,sessions,n_components,metrics_average,git_commit,command_line,preprocess_line,method,n_subjects,mean_accuracy,worst_accuracy,mean_delta_vs_ea,neg_transfer_rate_vs_ea,guard_improve_pearson,guard_improve_spearman,cert_improve_pearson,cert_improve_spearman,accept_rate,guard_train_auc_mean,guard_train_spearman_mean
20251227,4class,loso4_easichan_multi_safe_r20-21_l05-2_cal4,outputs/20251227/4class/loso4_easichan_multi_safe_r20-21_l05-2_cal4,outputs/20251227/4class/loso4_easichan_multi_safe_r20-21_l05-2_cal4/20251227_method_comparison.csv,outputs/20251227/4class/loso4_easichan_multi_safe_r20-21_l05-2_cal4/20251227_results.txt,paper_fir,"left_hand,right_hand,feet,tongue",0train,6,macro,,,"Preprocessing: mode=paper_fir, bandpass 8.0-30.0 Hz, resample 250.0 Hz, epoch tmin=0.5s, tmax=3.5s, events=['left_hand', 'right_hand', 'feet', 'tongue'], sessions=['0train'], FIR(order=50, window=hamming, causal=True)",ea-csp-lda,9,0.5320216049382716,0.2569444444444444,,,,,,,,,
20251227,4class,loso4_easichan_multi_safe_r20-21_l05-2_cal4,outputs/20251227/4class/loso4_easichan_multi_safe_r20-21_l05-2_cal4,outputs/20251227/4class/loso4_easichan_multi_safe_r20-21_l05-2_cal4/20251227_method_comparison.csv,outputs/20251227/4class/loso4_easichan_multi_safe_r20-21_l05-2_cal4/20251227_results.txt,paper_fir,"left_hand,right_hand,feet,tongue",0train,6,macro,,,"Preprocessing: mode=paper_fir, bandpass 8.0-30.0 Hz, resample 250.0 Hz, epoch tmin=0.5s, tmax=3.5s, events=['left_hand', 'right_hand', 'feet', 'tongue'], sessions=['0train'], FIR(order=50, window=hamming, causal=True)",ea-si-chan-csp-lda,9,0.5393518518518517,0.2708333333333333,0.0073302469135802,0.1111111111111111,,,,,,,
20251227,4class,loso4_easichan_multi_safe_r20-21_l05-2_cal4,outputs/20251227/4class/loso4_easichan_multi_safe_r20-21_l05-2_cal4,outputs/20251227/4class/loso4_easichan_multi_safe_r20-21_l05-2_cal4/20251227_method_comparison.csv,outputs/20251227/4class/loso4_easichan_multi_safe_r20-21_l05-2_cal4/20251227_results.txt,paper_fir,"left_hand,right_hand,feet,tongue",0train,6,macro,,,"Preprocessing: mode=paper_fir, bandpass 8.0-30.0 Hz, resample 250.0 Hz, epoch tmin=0.5s, tmax=3.5s, events=['left_hand', 'right_hand', 'feet', 'tongue'], sessions=['0train'], FIR(order=50, window=hamming, causal=True)",ea-si-chan-multi-safe-csp-lda,9,0.5270061728395061,0.2604166666666667,-0.0050154320987654,0.1111111111111111,-0.254053068173392,0.2333333333333333,0.0979691706542162,0.2666666666666666,0.3333333333333333,0.9229776653387765,0.7430917874396133
20251227,4class,loso4_easichan_multi_safe_r20-21_l05-2_calAll_thr07,outputs/20251227/4class/loso4_easichan_multi_safe_r20-21_l05-2_calAll_thr07,outputs/20251227/4class/loso4_easichan_multi_safe_r20-21_l05-2_calAll_thr07/20251227_method_comparison.csv,outputs/20251227/4class/loso4_easichan_multi_safe_r20-21_l05-2_calAll_thr07/20251227_results.txt,paper_fir,"left_hand,right_hand,feet,tongue",0train,6,macro,,,"Preprocessing: mode=paper_fir, bandpass 8.0-30.0 Hz, resample 250.0 Hz, epoch tmin=0.5s, tmax=3.5s, events=['left_hand', 'right_hand', 'feet', 'tongue'], sessions=['0train'], FIR(order=50, window=hamming, causal=True)",ea-csp-lda,9,0.5320216049382716,0.2569444444444444,,,,,,,,,
20251227,4class,loso4_easichan_multi_safe_r20-21_l05-2_calAll_thr07,outputs/20251227/4class/loso4_easichan_multi_safe_r20-21_l05-2_calAll_thr07,outputs/20251227/4class/loso4_easichan_multi_safe_r20-21_l05-2_calAll_thr07/20251227_method_comparison.csv,outputs/20251227/4class/loso4_easichan_multi_safe_r20-21_l05-2_calAll_thr07/20251227_results.txt,paper_fir,"left_hand,right_hand,feet,tongue",0train,6,macro,,,"Preprocessing: mode=paper_fir, bandpass 8.0-30.0 Hz, resample 250.0 Hz, epoch tmin=0.5s, tmax=3.5s, events=['left_hand', 'right_hand', 'feet', 'tongue'], sessions=['0train'], FIR(order=50, window=hamming, causal=True)",ea-si-chan-csp-lda,9,0.5393518518518517,0.2708333333333333,0.0073302469135802,0.1111111111111111,,,,,,,
20251227,4class,loso4_easichan_multi_safe_r20-21_l05-2_calAll_thr07,outputs/20251227/4class/loso4_easichan_multi_safe_r20-21_l05-2_calAll_thr07,outputs/20251227/4class/loso4_easichan_multi_safe_r20-21_l05-2_calAll_thr07/20251227_method_comparison.csv,outputs/20251227/4class/loso4_easichan_multi_safe_r20-21_l05-2_calAll_thr07/20251227_results.txt,paper_fir,"left_hand,right_hand,feet,tongue",0train,6,macro,,,"Preprocessing: mode=paper_fir, bandpass 8.0-30.0 Hz, resample 250.0 Hz, epoch tmin=0.5s, tmax=3.5s, events=['left_hand', 'right_hand', 'feet', 'tongue'], sessions=['0train'], FIR(order=50, window=hamming, causal=True)",ea-si-chan-multi-safe-csp-lda,9,0.5300925925925926,0.2395833333333333,-0.001929012345679,0.1111111111111111,-0.2179861474653004,0.0166666666666666,-0.2421850097859104,-0.3833333333333333,0.1111111111111111,0.8798003572693658,0.667728084141458
20251227,4class,loso4_easichan_multi_safe_r21_l05-2_calAll_thr05,outputs/20251227/4class/loso4_easichan_multi_safe_r21_l05-2_calAll_thr05,outputs/20251227/4class/loso4_easichan_multi_safe_r21_l05-2_calAll_thr05/20251227_method_comparison.csv,outputs/20251227/4class/loso4_easichan_multi_safe_r21_l05-2_calAll_thr05/20251227_results.txt,paper_fir,"left_hand,right_hand,feet,tongue",0train,6,macro,,,"Preprocessing: mode=paper_fir, bandpass 8.0-30.0 Hz, resample 250.0 Hz, epoch tmin=0.5s, tmax=3.5s, events=['left_hand', 'right_hand', 'feet', 'tongue'], sessions=['0train'], FIR(order=50, window=hamming, causal=True)",ea-csp-lda,9,0.5320216049382716,0.2569444444444444,,,,,,,,,
20251227,4class,loso4_easichan_multi_safe_r21_l05-2_calAll_thr05,outputs/20251227/4class/loso4_easichan_multi_safe_r21_l05-2_calAll_thr05,outputs/20251227/4class/loso4_easichan_multi_safe_r21_l05-2_calAll_thr05/20251227_method_comparison.csv,outputs/20251227/4class/loso4_easichan_multi_safe_r21_l05-2_calAll_thr05/20251227_results.txt,paper_fir,"left_hand,right_hand,feet,tongue",0train,6,macro,,,"Preprocessing: mode=paper_fir, bandpass 8.0-30.0 Hz, resample 250.0 Hz, epoch tmin=0.5s, tmax=3.5s, events=['left_hand', 'right_hand', 'feet', 'tongue'], sessions=['0train'], FIR(order=50, window=hamming, causal=True)",ea-si-chan-csp-lda,9,0.5393518518518517,0.2708333333333333,0.0073302469135802,0.1111111111111111,,,,,,,
20251227,4class,loso4_easichan_multi_safe_r21_l05-2_calAll_thr05,outputs/20251227/4class/loso4_easichan_multi_safe_r21_l05-2_calAll_thr05,outputs/20251227/4class/loso4_easichan_multi_safe_r21_l05-2_calAll_thr05/20251227_method_comparison.csv,outputs/20251227/4class/loso4_easichan_multi_safe_r21_l05-2_calAll_thr05/20251227_results.txt,paper_fir,"left_hand,right_hand,feet,tongue",0train,6,macro,,,"Preprocessing: mode=paper_fir, bandpass 8.0-30.0 Hz, resample 250.0 Hz, epoch tmin=0.5s, tmax=3.5s, events=['left_hand', 'right_hand', 'feet', 'tongue'], sessions=['0train'], FIR(order=50, window=hamming, causal=True)",ea-si-chan-multi-safe-csp-lda,9,0.5462962962962963,0.2604166666666667,0.0142746913580246,0.0,0.0032179958282686,0.0,0.1699093357349913,0.3666666666666667,0.5555555555555556,0.9498829084102778,0.7036714975845411
20251227,4class,loso4_easichan_multi_safe_r21_l05-2_calAll_thr05_seed1,outputs/20251227/4class/loso4_easichan_multi_safe_r21_l05-2_calAll_thr05_seed1,outputs/20251227/4class/loso4_easichan_multi_safe_r21_l05-2_calAll_thr05_seed1/20251227_method_comparison.csv,outputs/20251227/4class/loso4_easichan_multi_safe_r21_l05-2_calAll_thr05_seed1/20251227_results.txt,paper_fir,"left_hand,right_hand,feet,tongue",0train,6,macro,,,"Preprocessing: mode=paper_fir, bandpass 8.0-30.0 Hz, resample 250.0 Hz, epoch tmin=0.5s, tmax=3.5s, events=['left_hand', 'right_hand', 'feet', 'tongue'], sessions=['0train'], FIR(order=50, window=hamming, causal=True)",ea-csp-lda,9,0.5320216049382716,0.2569444444444444,,,,,,,,,
20251227,4class,loso4_easichan_multi_safe_r21_l05-2_calAll_thr05_seed1,outputs/20251227/4class/loso4_easichan_multi_safe_r21_l05-2_calAll_thr05_seed1,outputs/20251227/4class/loso4_easichan_multi_safe_r21_l05-2_calAll_thr05_seed1/20251227_method_comparison.csv,outputs/20251227/4class/loso4_easichan_multi_safe_r21_l05-2_calAll_thr05_seed1/20251227_results.txt,paper_fir,"left_hand,right_hand,feet,tongue",0train,6,macro,,,"Preprocessing: mode=paper_fir, bandpass 8.0-30.0 Hz, resample 250.0 Hz, epoch tmin=0.5s, tmax=3.5s, events=['left_hand', 'right_hand', 'feet', 'tongue'], sessions=['0train'], FIR(order=50, window=hamming, causal=True)",ea-si-chan-csp-lda,9,0.5393518518518517,0.2708333333333333,0.0073302469135802,0.1111111111111111,,,,,,,
20251227,4class,loso4_easichan_multi_safe_r21_l05-2_calAll_thr05_seed1,outputs/20251227/4class/loso4_easichan_multi_safe_r21_l05-2_calAll_thr05_seed1,outputs/20251227/4class/loso4_easichan_multi_safe_r21_l05-2_calAll_thr05_seed1/20251227_method_comparison.csv,outputs/20251227/4class/loso4_easichan_multi_safe_r21_l05-2_calAll_thr05_seed1/20251227_results.txt,paper_fir,"left_hand,right_hand,feet,tongue",0train,6,macro,,,"Preprocessing: mode=paper_fir, bandpass 8.0-30.0 Hz, resample 250.0 Hz, epoch tmin=0.5s, tmax=3.5s, events=['left_hand', 'right_hand', 'feet', 'tongue'], sessions=['0train'], FIR(order=50, window=hamming, causal=True)",ea-si-chan-multi-safe-csp-lda,9,0.5462962962962963,0.2604166666666667,0.0142746913580246,0.0,0.0032179958282686,0.0,0.1699093357349913,0.3666666666666667,0.5555555555555556,0.9498829084102778,0.7036714975845411
20251227,4class,loso4_easichan_safe_r21_thr03_calAll_corr,outputs/20251227/4class/loso4_easichan_safe_r21_thr03_calAll_corr,outputs/20251227/4class/loso4_easichan_safe_r21_thr03_calAll_corr/20251227_method_comparison.csv,outputs/20251227/4class/loso4_easichan_safe_r21_thr03_calAll_corr/20251227_results.txt,paper_fir,"left_hand,right_hand,feet,tongue",0train,6,macro,,,"Preprocessing: mode=paper_fir, bandpass 8.0-30.0 Hz, resample 250.0 Hz, epoch tmin=0.5s, tmax=3.5s, events=['left_hand', 'right_hand', 'feet', 'tongue'], sessions=['0train'], FIR(order=50, window=hamming, causal=True)",ea-csp-lda,9,0.5320216049382716,0.2569444444444444,,,,,,,,,
20251227,4class,loso4_easichan_safe_r21_thr03_calAll_corr,outputs/20251227/4class/loso4_easichan_safe_r21_thr03_calAll_corr,outputs/20251227/4class/loso4_easichan_safe_r21_thr03_calAll_corr/20251227_method_comparison.csv,outputs/20251227/4class/loso4_easichan_safe_r21_thr03_calAll_corr/20251227_results.txt,paper_fir,"left_hand,right_hand,feet,tongue",0train,6,macro,,,"Preprocessing: mode=paper_fir, bandpass 8.0-30.0 Hz, resample 250.0 Hz, epoch tmin=0.5s, tmax=3.5s, events=['left_hand', 'right_hand', 'feet', 'tongue'], sessions=['0train'], FIR(order=50, window=hamming, causal=True)",ea-si-chan-csp-lda,9,0.5393518518518517,0.2708333333333333,0.0073302469135802,0.1111111111111111,,,,,,,
20251227,4class,loso4_easichan_safe_r21_thr03_calAll_corr,outputs/20251227/4class/loso4_easichan_safe_r21_thr03_calAll_corr,outputs/20251227/4class/loso4_easichan_safe_r21_thr03_calAll_corr/20251227_method_comparison.csv,outputs/20251227/4class/loso4_easichan_safe_r21_thr03_calAll_corr/20251227_results.txt,paper_fir,"left_hand,right_hand,feet,tongue",0train,6,macro,,,"Preprocessing: mode=paper_fir, bandpass 8.0-30.0 Hz, resample 250.0 Hz, epoch tmin=0.5s, tmax=3.5s, events=['left_hand', 'right_hand', 'feet', 'tongue'], sessions=['0train'], FIR(order=50, window=hamming, causal=True)",ea-si-chan-safe-csp-lda,9,0.5424382716049383,0.2708333333333333,0.0104166666666666,0.0,0.4499635225758852,0.3833333333333333,,,0.4444444444444444,1.0,0.6269841269841271
20251227,4class,loso4_easichan_safe_r21_thr05_cal4,outputs/20251227/4class/loso4_easichan_safe_r21_thr05_cal4,outputs/20251227/4class/loso4_easichan_safe_r21_thr05_cal4/20251227_method_comparison.csv,outputs/20251227/4class/loso4_easichan_safe_r21_thr05_cal4/20251227_results.txt,paper_fir,"left_hand,right_hand,feet,tongue",0train,6,macro,,,"Preprocessing: mode=paper_fir, bandpass 8.0-30.0 Hz, resample 250.0 Hz, epoch tmin=0.5s, tmax=3.5s, events=['left_hand', 'right_hand', 'feet', 'tongue'], sessions=['0train'], FIR(order=50, window=hamming, causal=True)",ea-csp-lda,9,0.5320216049382716,0.2569444444444444,,,,,,,,,
20251227,4class,loso4_easichan_safe_r21_thr05_cal4,outputs/20251227/4class/loso4_easichan_safe_r21_thr05_cal4,outputs/20251227/4class/loso4_easichan_safe_r21_thr05_cal4/20251227_method_comparison.csv,outputs/20251227/4class/loso4_easichan_safe_r21_thr05_cal4/20251227_results.txt,paper_fir,"left_hand,right_hand,feet,tongue",0train,6,macro,,,"Preprocessing: mode=paper_fir, bandpass 8.0-30.0 Hz, resample 250.0 Hz, epoch tmin=0.5s, tmax=3.5s, events=['left_hand', 'right_hand', 'feet', 'tongue'], sessions=['0train'], FIR(order=50, window=hamming, causal=True)",ea-si-chan-csp-lda,9,0.5393518518518517,0.2708333333333333,0.0073302469135802,0.1111111111111111,,,,,,,
20251227,4class,loso4_easichan_safe_r21_thr05_cal4,outputs/20251227/4class/loso4_easichan_safe_r21_thr05_cal4,outputs/20251227/4class/loso4_easichan_safe_r21_thr05_cal4/20251227_method_comparison.csv,outputs/20251227/4class/loso4_easichan_safe_r21_thr05_cal4/20251227_results.txt,paper_fir,"left_hand,right_hand,feet,tongue",0train,6,macro,,,"Preprocessing: mode=paper_fir, bandpass 8.0-30.0 Hz, resample 250.0 Hz, epoch tmin=0.5s, tmax=3.5s, events=['left_hand', 'right_hand', 'feet', 'tongue'], sessions=['0train'], FIR(order=50, window=hamming, causal=True)",ea-si-chan-safe-csp-lda,9,0.5408950617283951,0.2708333333333333,0.0088734567901234,0.0,,,,,,,
20251227,4class,loso4_easichan_safe_r21_thr05_cal4_corr,outputs/20251227/4class/loso4_easichan_safe_r21_thr05_cal4_corr,outputs/20251227/4class/loso4_easichan_safe_r21_thr05_cal4_corr/20251227_method_comparison.csv,outputs/20251227/4class/loso4_easichan_safe_r21_thr05_cal4_corr/20251227_results.txt,paper_fir,"left_hand,right_hand,feet,tongue",0train,6,macro,,,"Preprocessing: mode=paper_fir, bandpass 8.0-30.0 Hz, resample 250.0 Hz, epoch tmin=0.5s, tmax=3.5s, events=['left_hand', 'right_hand', 'feet', 'tongue'], sessions=['0train'], FIR(order=50, window=hamming, causal=True)",ea-csp-lda,9,0.5320216049382716,0.2569444444444444,,,,,,,,,
20251227,4class,loso4_easichan_safe_r21_thr05_cal4_corr,outputs/20251227/4class/loso4_easichan_safe_r21_thr05_cal4_corr,outputs/20251227/4class/loso4_easichan_safe_r21_thr05_cal4_corr/20251227_method_comparison.csv,outputs/20251227/4class/loso4_easichan_safe_r21_thr05_cal4_corr/20251227_results.txt,paper_fir,"left_hand,right_hand,feet,tongue",0train,6,macro,,,"Preprocessing: mode=paper_fir, bandpass 8.0-30.0 Hz, resample 250.0 Hz, epoch tmin=0.5s, tmax=3.5s, events=['left_hand', 'right_hand', 'feet', 'tongue'], sessions=['0train'], FIR(order=50, window=hamming, causal=True)",ea-si-chan-csp-lda,9,0.5393518518518517,0.2708333333333333,0.0073302469135802,0.1111111111111111,,,,,,,
20251227,4class,loso4_easichan_safe_r21_thr05_cal4_corr,outputs/20251227/4class/loso4_easichan_safe_r21_thr05_cal4_corr,outputs/20251227/4class/loso4_easichan_safe_r21_thr05_cal4_corr/20251227_method_comparison.csv,outputs/20251227/4class/loso4_easichan_safe_r21_thr05_cal4_corr/20251227_results.txt,paper_fir,"left_hand,right_hand,feet,tongue",0train,6,macro,,,"Preprocessing: mode=paper_fir, bandpass 8.0-30.0 Hz, resample 250.0 Hz, epoch tmin=0.5s, tmax=3.5s, events=['left_hand', 'right_hand', 'feet', 'tongue'], sessions=['0train'], FIR(order=50, window=hamming, causal=True)",ea-si-chan-safe-csp-lda,9,0.5408950617283951,0.2708333333333333,0.0088734567901234,0.0,0.3660317745519855,0.35,,,0.3333333333333333,1.0,0.6888888888888888
20251227,4class,loso4_easichan_safe_r21_thr05_cal4_seed1,outputs/20251227/4class/loso4_easichan_safe_r21_thr05_cal4_seed1,outputs/20251227/4class/loso4_easichan_safe_r21_thr05_cal4_seed1/20251227_method_comparison.csv,outputs/20251227/4class/loso4_easichan_safe_r21_thr05_cal4_seed1/20251227_results.txt,paper_fir,"left_hand,right_hand,feet,tongue",0train,6,macro,,,"Preprocessing: mode=paper_fir, bandpass 8.0-30.0 Hz, resample 250.0 Hz, epoch tmin=0.5s, tmax=3.5s, events=['left_hand', 'right_hand', 'feet', 'tongue'], sessions=['0train'], FIR(order=50, window=hamming, causal=True)",ea-csp-lda,9,0.5320216049382716,0.2569444444444444,,,,,,,,,
20251227,4class,loso4_easichan_safe_r21_thr05_cal4_seed1,outputs/20251227/4class/loso4_easichan_safe_r21_thr05_cal4_seed1,outputs/20251227/4class/loso4_easichan_safe_r21_thr05_cal4_seed1/20251227_method_comparison.csv,outputs/20251227/4class/loso4_easichan_safe_r21_thr05_cal4_seed1/20251227_results.txt,paper_fir,"left_hand,right_hand,feet,tongue",0train,6,macro,,,"Preprocessing: mode=paper_fir, bandpass 8.0-30.0 Hz, resample 250.0 Hz, epoch tmin=0.5s, tmax=3.5s, events=['left_hand', 'right_hand', 'feet', 'tongue'], sessions=['0train'], FIR(order=50, window=hamming, causal=True)",ea-si-chan-csp-lda,9,0.5393518518518517,0.2708333333333333,0.0073302469135802,0.1111111111111111,,,,,,,
20251227,4class,loso4_easichan_safe_r21_thr05_cal4_seed1,outputs/20251227/4class/loso4_easichan_safe_r21_thr05_cal4_seed1,outputs/20251227/4class/loso4_easichan_safe_r21_thr05_cal4_seed1/20251227_method_comparison.csv,outputs/20251227/4class/loso4_easichan_safe_r21_thr05_cal4_seed1/20251227_results.txt,paper_fir,"left_hand,right_hand,feet,tongue",0train,6,macro,,,"Preprocessing: mode=paper_fir, bandpass 8.0-30.0 Hz, resample 250.0 Hz, epoch tmin=0.5s, tmax=3.5s, events=['left_hand', 'right_hand', 'feet', 'tongue'], sessions=['0train'], FIR(order=50, window=hamming, causal=True)",ea-si-chan-safe-csp-lda,9,0.5435956790123457,0.2708333333333333,0.011574074074074,0.0,,,,,,,
20251227,4class,loso4_easichan_safe_r21_thr05_calAll_corr,outputs/20251227/4class/loso4_easichan_safe_r21_thr05_calAll_corr,outputs/20251227/4class/loso4_easichan_safe_r21_thr05_calAll_corr/20251227_method_comparison.csv,outputs/20251227/4class/loso4_easichan_safe_r21_thr05_calAll_corr/20251227_results.txt,paper_fir,"left_hand,right_hand,feet,tongue",0train,6,macro,,,"Preprocessing: mode=paper_fir, bandpass 8.0-30.0 Hz, resample 250.0 Hz, epoch tmin=0.5s, tmax=3.5s, events=['left_hand', 'right_hand', 'feet', 'tongue'], sessions=['0train'], FIR(order=50, window=hamming, causal=True)",ea-csp-lda,9,0.5320216049382716,0.2569444444444444,,,,,,,,,
20251227,4class,loso4_easichan_safe_r21_thr05_calAll_corr,outputs/20251227/4class/loso4_easichan_safe_r21_thr05_calAll_corr,outputs/20251227/4class/loso4_easichan_safe_r21_thr05_calAll_corr/20251227_method_comparison.csv,outputs/20251227/4class/loso4_easichan_safe_r21_thr05_calAll_corr/20251227_results.txt,paper_fir,"left_hand,right_hand,feet,tongue",0train,6,macro,,,"Preprocessing: mode=paper_fir, bandpass 8.0-30.0 Hz, resample 250.0 Hz, epoch tmin=0.5s, tmax=3.5s, events=['left_hand', 'right_hand', 'feet', 'tongue'], sessions=['0train'], FIR(order=50, window=hamming, causal=True)",ea-si-chan-csp-lda,9,0.5393518518518517,0.2708333333333333,0.0073302469135802,0.1111111111111111,,,,,,,
20251227,4class,loso4_easichan_safe_r21_thr05_calAll_corr,outputs/20251227/4class/loso4_easichan_safe_r21_thr05_calAll_corr,outputs/20251227/4class/loso4_easichan_safe_r21_thr05_calAll_corr/20251227_method_comparison.csv,outputs/20251227/4class/loso4_easichan_safe_r21_thr05_calAll_corr/20251227_results.txt,paper_fir,"left_hand,right_hand,feet,tongue",0train,6,macro,,,"Preprocessing: mode=paper_fir, bandpass 8.0-30.0 Hz, resample 250.0 Hz, epoch tmin=0.5s, tmax=3.5s, events=['left_hand', 'right_hand', 'feet', 'tongue'], sessions=['0train'], FIR(order=50, window=hamming, causal=True)",ea-si-chan-safe-csp-lda,9,0.5424382716049383,0.2708333333333333,0.0104166666666666,0.0,0.4499635225758852,0.3833333333333333,,,0.4444444444444444,1.0,0.6269841269841271
20251227,4class,loso4_easichan_safe_r21_thr05_calAll_seed1_corr,outputs/20251227/4class/loso4_easichan_safe_r21_thr05_calAll_seed1_corr,outputs/20251227/4class/loso4_easichan_safe_r21_thr05_calAll_seed1_corr/20251227_method_comparison.csv,outputs/20251227/4class/loso4_easichan_safe_r21_thr05_calAll_seed1_corr/20251227_results.txt,paper_fir,"left_hand,right_hand,feet,tongue",0train,6,macro,,,"Preprocessing: mode=paper_fir, bandpass 8.0-30.0 Hz, resample 250.0 Hz, epoch tmin=0.5s, tmax=3.5s, events=['left_hand', 'right_hand', 'feet', 'tongue'], sessions=['0train'], FIR(order=50, window=hamming, causal=True)",ea-csp-lda,9,0.5320216049382716,0.2569444444444444,,,,,,,,,
20251227,4class,loso4_easichan_safe_r21_thr05_calAll_seed1_corr,outputs/20251227/4class/loso4_easichan_safe_r21_thr05_calAll_seed1_corr,outputs/20251227/4class/loso4_easichan_safe_r21_thr05_calAll_seed1_corr/20251227_method_comparison.csv,outputs/20251227/4class/loso4_easichan_safe_r21_thr05_calAll_seed1_corr/20251227_results.txt,paper_fir,"left_hand,right_hand,feet,tongue",0train,6,macro,,,"Preprocessing: mode=paper_fir, bandpass 8.0-30.0 Hz, resample 250.0 Hz, epoch tmin=0.5s, tmax=3.5s, events=['left_hand', 'right_hand', 'feet', 'tongue'], sessions=['0train'], FIR(order=50, window=hamming, causal=True)",ea-si-chan-csp-lda,9,0.5393518518518517,0.2708333333333333,0.0073302469135802,0.1111111111111111,,,,,,,
20251227,4class,loso4_easichan_safe_r21_thr05_calAll_seed1_corr,outputs/20251227/4class/loso4_easichan_safe_r21_thr05_calAll_seed1_corr,outputs/20251227/4class/loso4_easichan_safe_r21_thr05_calAll_seed1_corr/20251227_method_comparison.csv,outputs/20251227/4class/loso4_easichan_safe_r21_thr05_calAll_seed1_corr/20251227_results.txt,paper_fir,"left_hand,right_hand,feet,tongue",0train,6,macro,,,"Preprocessing: mode=paper_fir, bandpass 8.0-30.0 Hz, resample 250.0 Hz, epoch tmin=0.5s, tmax=3.5s, events=['left_hand', 'right_hand', 'feet', 'tongue'], sessions=['0train'], FIR(order=50, window=hamming, causal=True)",ea-si-chan-safe-csp-lda,9,0.5424382716049383,0.2708333333333333,0.0104166666666666,0.0,0.4499635225758852,0.3833333333333333,,,0.4444444444444444,1.0,0.6269841269841271
20251228,2class,loso2_rpa_tsa_qb03_pseudo,outputs/20251228/2class/loso2_rpa_tsa_qb03_pseudo,outputs/20251228/2class/loso2_rpa_tsa_qb03_pseudo/20251228_method_comparison.csv,outputs/20251228/2class/loso2_rpa_tsa_qb03_pseudo/20251228_results.txt,paper_fir,"left_hand,right_hand",0train,6,macro,,,"Preprocessing: mode=paper_fir, bandpass 8.0-30.0 Hz, resample 250.0 Hz, epoch tmin=0.5s, tmax=3.5s, events=['left_hand', 'right_hand'], sessions=['0train'], FIR(order=50, window=hamming, causal=True)",ea-csp-lda,9,0.7322530864197531,0.5208333333333334,,,,,,,,,
20251228,2class,loso2_rpa_tsa_qb03_pseudo,outputs/20251228/2class/loso2_rpa_tsa_qb03_pseudo,outputs/20251228/2class/loso2_rpa_tsa_qb03_pseudo/20251228_method_comparison.csv,outputs/20251228/2class/loso2_rpa_tsa_qb03_pseudo/20251228_results.txt,paper_fir,"left_hand,right_hand",0train,6,macro,,,"Preprocessing: mode=paper_fir, bandpass 8.0-30.0 Hz, resample 250.0 Hz, epoch tmin=0.5s, tmax=3.5s, events=['left_hand', 'right_hand'], sessions=['0train'], FIR(order=50, window=hamming, causal=True)",rpa-csp-lda,9,0.7283950617283951,0.4930555555555556,-0.003858024691358,0.3333333333333333,,,,,,,
20251228,2class,loso2_rpa_tsa_qb03_pseudo,outputs/20251228/2class/loso2_rpa_tsa_qb03_pseudo,outputs/20251228/2class/loso2_rpa_tsa_qb03_pseudo/20251228_method_comparison.csv,outputs/20251228/2class/loso2_rpa_tsa_qb03_pseudo/20251228_results.txt,paper_fir,"left_hand,right_hand",0train,6,macro,,,"Preprocessing: mode=paper_fir, bandpass 8.0-30.0 Hz, resample 250.0 Hz, epoch tmin=0.5s, tmax=3.5s, events=['left_hand', 'right_hand'], sessions=['0train'], FIR(order=50, window=hamming, causal=True)",tsa-csp-lda,9,0.7276234567901234,0.5069444444444444,-0.0046296296296296,0.5555555555555556,,,,,,,
20251228,2class,loso2_stack_vs_chan_multi_safe,outputs/20251228/2class/loso2_stack_vs_chan_multi_safe,outputs/20251228/2class/loso2_stack_vs_chan_multi_safe/20251228_method_comparison.csv,outputs/20251228/2class/loso2_stack_vs_chan_multi_safe/20251228_results.txt,paper_fir,"left_hand,right_hand",0train,6,macro,,,"Preprocessing: mode=paper_fir, bandpass 8.0-30.0 Hz, resample 250.0 Hz, epoch tmin=0.5s, tmax=3.5s, events=['left_hand', 'right_hand'], sessions=['0train'], FIR(order=50, window=hamming, causal=True)",ea-csp-lda,9,0.7322530864197531,0.5208333333333334,,,,,,,,,
20251228,2class,loso2_stack_vs_chan_multi_safe,outputs/20251228/2class/loso2_stack_vs_chan_multi_safe,outputs/20251228/2class/loso2_stack_vs_chan_multi_safe/20251228_method_comparison.csv,outputs/20251228/2class/loso2_stack_vs_chan_multi_safe/20251228_results.txt,paper_fir,"left_hand,right_hand",0train,6,macro,,,"Preprocessing: mode=paper_fir, bandpass 8.0-30.0 Hz, resample 250.0 Hz, epoch tmin=0.5s, tmax=3.5s, events=['left_hand', 'right_hand'], sessions=['0train'], FIR(order=50, window=hamming, causal=True)",ea-si-chan-csp-lda,9,0.7330246913580246,0.5277777777777778,0.0007716049382716,0.3333333333333333,,,,,,,
20251228,2class,loso2_stack_vs_chan_multi_safe,outputs/20251228/2class/loso2_stack_vs_chan_multi_safe,outputs/20251228/2class/loso2_stack_vs_chan_multi_safe/20251228_method_comparison.csv,outputs/20251228/2class/loso2_stack_vs_chan_multi_safe/20251228_results.txt,paper_fir,"left_hand,right_hand",0train,6,macro,,,"Preprocessing: mode=paper_fir, bandpass 8.0-30.0 Hz, resample 250.0 Hz, epoch tmin=0.5s, tmax=3.5s, events=['left_hand', 'right_hand'], sessions=['0train'], FIR(order=50, window=hamming, causal=True)",ea-si-chan-multi-safe-csp-lda,9,0.7322530864197531,0.5208333333333334,0.0,0.0,,0.5499999999999999,,0.7,0.0,0.914351851851852,0.6146859903381643
20251228,2class,loso2_stack_vs_chan_multi_safe,outputs/20251228/2class/loso2_stack_vs_chan_multi_safe,outputs/20251228/2class/loso2_stack_vs_chan_multi_safe/20251228_method_comparison.csv,outputs/20251228/2class/loso2_stack_vs_chan_multi_safe/20251228_results.txt,paper_fir,"left_hand,right_hand",0train,6,macro,,,"Preprocessing: mode=paper_fir, bandpass 8.0-30.0 Hz, resample 250.0 Hz, epoch tmin=0.5s, tmax=3.5s, events=['left_hand', 'right_hand'], sessions=['0train'], FIR(order=50, window=hamming, causal=True)",ea-stack-multi-safe-csp-lda,9,0.7299382716049383,0.4930555555555556,-0.0023148148148148,0.1111111111111111,-0.1620495669435554,0.3833333333333333,-0.0221515946615947,0.3333333333333333,0.3333333333333333,0.8335228699864516,0.5125286637481761
20251228,2class,loso2_stack_vs_chan_multi_safe,outputs/20251228/2class/loso2_stack_vs_chan_multi_safe,outputs/20251228/2class/loso2_stack_vs_chan_multi_safe/20251228_method_comparison.csv,outputs/20251228/2class/loso2_stack_vs_chan_multi_safe/20251228_results.txt,paper_fir,"left_hand,right_hand",0train,6,macro,,,"Preprocessing: mode=paper_fir, bandpass 8.0-30.0 Hz, resample 250.0 Hz, epoch tmin=0.5s, tmax=3.5s, events=['left_hand', 'right_hand'], sessions=['0train'], FIR(order=50, window=hamming, causal=True)",rpa-csp-lda,9,0.7283950617283951,0.4930555555555556,-0.003858024691358,0.3333333333333333,,,,,,,
20251228,2class,loso2_stack_vs_chan_multi_safe,outputs/20251228/2class/loso2_stack_vs_chan_multi_safe,outputs/20251228/2class/loso2_stack_vs_chan_multi_safe/20251228_method_comparison.csv,outputs/20251228/2class/loso2_stack_vs_chan_multi_safe/20251228_results.txt,paper_fir,"left_hand,right_hand",0train,6,macro,,,"Preprocessing: mode=paper_fir, bandpass 8.0-30.0 Hz, resample 250.0 Hz, epoch tmin=0.5s, tmax=3.5s, events=['left_hand', 'right_hand'], sessions=['0train'], FIR(order=50, window=hamming, causal=True)",tsa-csp-lda,9,0.7268518518518519,0.4861111111111111,-0.0054012345679012,0.3333333333333333,,,,,,,
20251228,4class,loso4_rpa_tsa_qb03_pseudo,outputs/20251228/4class/loso4_rpa_tsa_qb03_pseudo,outputs/20251228/4class/loso4_rpa_tsa_qb03_pseudo/20251228_method_comparison.csv,outputs/20251228/4class/loso4_rpa_tsa_qb03_pseudo/20251228_results.txt,paper_fir,"left_hand,right_hand,feet,tongue",0train,6,macro,,,"Preprocessing: mode=paper_fir, bandpass 8.0-30.0 Hz, resample 250.0 Hz, epoch tmin=0.5s, tmax=3.5s, events=['left_hand', 'right_hand', 'feet', 'tongue'], sessions=['0train'], FIR(order=50, window=hamming, causal=True)",ea-csp-lda,9,0.5320216049382716,0.2569444444444444,,,,,,,,,
20251228,4class,loso4_rpa_tsa_qb03_pseudo,outputs/20251228/4class/loso4_rpa_tsa_qb03_pseudo,outputs/20251228/4class/loso4_rpa_tsa_qb03_pseudo/20251228_method_comparison.csv,outputs/20251228/4class/loso4_rpa_tsa_qb03_pseudo/20251228_results.txt,paper_fir,"left_hand,right_hand,feet,tongue",0train,6,macro,,,"Preprocessing: mode=paper_fir, bandpass 8.0-30.0 Hz, resample 250.0 Hz, epoch tmin=0.5s, tmax=3.5s, events=['left_hand', 'right_hand', 'feet', 'tongue'], sessions=['0train'], FIR(order=50, window=hamming, causal=True)",rpa-csp-lda,9,0.51929012345679,0.28125,-0.0127314814814814,0.4444444444444444,,,,,,,
20251228,4class,loso4_rpa_tsa_qb03_pseudo,outputs/20251228/4class/loso4_rpa_tsa_qb03_pseudo,outputs/20251228/4class/loso4_rpa_tsa_qb03_pseudo/20251228_method_comparison.csv,outputs/20251228/4class/loso4_rpa_tsa_qb03_pseudo/20251228_results.txt,paper_fir,"left_hand,right_hand,feet,tongue",0train,6,macro,,,"Preprocessing: mode=paper_fir, bandpass 8.0-30.0 Hz, resample 250.0 Hz, epoch tmin=0.5s, tmax=3.5s, events=['left_hand', 'right_hand', 'feet', 'tongue'], sessions=['0train'], FIR(order=50, window=hamming, causal=True)",tsa-csp-lda,9,0.5231481481481481,0.2777777777777778,-0.0088734567901234,0.4444444444444444,,,,,,,
20251228,4class,loso4_stack_familyfeat_qb03_pseudo,outputs/20251228/4class/loso4_stack_familyfeat_qb03_pseudo,outputs/20251228/4class/loso4_stack_familyfeat_qb03_pseudo/20251228_method_comparison.csv,outputs/20251228/4class/loso4_stack_familyfeat_qb03_pseudo/20251228_results.txt,paper_fir,"left_hand,right_hand,feet,tongue",0train,6,macro,,,"Preprocessing: mode=paper_fir, bandpass 8.0-30.0 Hz, resample 250.0 Hz, epoch tmin=0.5s, tmax=3.5s, events=['left_hand', 'right_hand', 'feet', 'tongue'], sessions=['0train'], FIR(order=50, window=hamming, causal=True)",ea-csp-lda,9,0.5320216049382716,0.2569444444444444,,,,,,,,,
20251228,4class,loso4_stack_familyfeat_qb03_pseudo,outputs/20251228/4class/loso4_stack_familyfeat_qb03_pseudo,outputs/20251228/4class/loso4_stack_familyfeat_qb03_pseudo/20251228_method_comparison.csv,outputs/20251228/4class/loso4_stack_familyfeat_qb03_pseudo/20251228_results.txt,paper_fir,"left_hand,right_hand,feet,tongue",0train,6,macro,,,"Preprocessing: mode=paper_fir, bandpass 8.0-30.0 Hz, resample 250.0 Hz, epoch tmin=0.5s, tmax=3.5s, events=['left_hand', 'right_hand', 'feet', 'tongue'], sessions=['0train'], FIR(order=50, window=hamming, causal=True)",ea-si-chan-multi-safe-csp-lda,9,0.5462962962962963,0.2604166666666667,0.0142746913580246,0.0,0.0032179958282687,0.0,0.1699093357349927,0.3666666666666667,0.5555555555555556,0.9498829084102778,0.7036714975845411
20251228,4class,loso4_stack_familyfeat_qb03_pseudo,outputs/20251228/4class/loso4_stack_familyfeat_qb03_pseudo,outputs/20251228/4class/loso4_stack_familyfeat_qb03_pseudo/20251228_method_comparison.csv,outputs/20251228/4class/loso4_stack_familyfeat_qb03_pseudo/20251228_results.txt,paper_fir,"left_hand,right_hand,feet,tongue",0train,6,macro,,,"Preprocessing: mode=paper_fir, bandpass 8.0-30.0 Hz, resample 250.0 Hz, epoch tmin=0.5s, tmax=3.5s, events=['left_hand', 'right_hand', 'feet', 'tongue'], sessions=['0train'], FIR(order=50, window=hamming, causal=True)",ea-stack-multi-safe-csp-lda,9,0.5401234567901235,0.2708333333333333,0.0081018518518518,0.1111111111111111,0.2775756234650119,0.4833333333333333,0.6196501615499661,0.4833333333333333,0.5555555555555556,0.8444258247787816,0.5887429643527206
20251228,4class,loso4_stack_familyfeat_qb03_pseudo,outputs/20251228/4class/loso4_stack_familyfeat_qb03_pseudo,outputs/20251228/4class/loso4_stack_familyfeat_qb03_pseudo/20251228_method_comparison.csv,outputs/20251228/4class/loso4_stack_familyfeat_qb03_pseudo/20251228_results.txt,paper_fir,"left_hand,right_hand,feet,tongue",0train,6,macro,,,"Preprocessing: mode=paper_fir, bandpass 8.0-30.0 Hz, resample 250.0 Hz, epoch tmin=0.5s, tmax=3.5s, events=['left_hand', 'right_hand', 'feet', 'tongue'], sessions=['0train'], FIR(order=50, window=hamming, causal=True)",rpa-csp-lda,9,0.51929012345679,0.28125,-0.0127314814814814,0.4444444444444444,,,,,,,
20251228,4class,loso4_stack_familyfeat_qb03_pseudo,outputs/20251228/4class/loso4_stack_familyfeat_qb03_pseudo,outputs/20251228/4class/loso4_stack_familyfeat_qb03_pseudo/20251228_method_comparison.csv,outputs/20251228/4class/loso4_stack_familyfeat_qb03_pseudo/20251228_results.txt,paper_fir,"left_hand,right_hand,feet,tongue",0train,6,macro,,,"Preprocessing: mode=paper_fir, bandpass 8.0-30.0 Hz, resample 250.0 Hz, epoch tmin=0.5s, tmax=3.5s, events=['left_hand', 'right_hand', 'feet', 'tongue'], sessions=['0train'], FIR(order=50, window=hamming, causal=True)",tsa-csp-lda,9,0.5231481481481481,0.2777777777777778,-0.0088734567901234,0.4444444444444444,,,,,,,
20251228,4class,loso4_stack_multi_safe_smoke,outputs/20251228/4class/loso4_stack_multi_safe_smoke,outputs/20251228/4class/loso4_stack_multi_safe_smoke/20251228_method_comparison.csv,outputs/20251228/4class/loso4_stack_multi_safe_smoke/20251228_results.txt,paper_fir,"left_hand,right_hand,feet,tongue",0train,6,macro,,,"Preprocessing: mode=paper_fir, bandpass 8.0-30.0 Hz, resample 250.0 Hz, epoch tmin=0.5s, tmax=3.5s, events=['left_hand', 'right_hand', 'feet', 'tongue'], sessions=['0train'], FIR(order=50, window=hamming, causal=True)",ea-csp-lda,9,0.5320216049382716,0.2569444444444444,,,,,,,,,
20251228,4class,loso4_stack_multi_safe_smoke,outputs/20251228/4class/loso4_stack_multi_safe_smoke,outputs/20251228/4class/loso4_stack_multi_safe_smoke/20251228_method_comparison.csv,outputs/20251228/4class/loso4_stack_multi_safe_smoke/20251228_results.txt,paper_fir,"left_hand,right_hand,feet,tongue",0train,6,macro,,,"Preprocessing: mode=paper_fir, bandpass 8.0-30.0 Hz, resample 250.0 Hz, epoch tmin=0.5s, tmax=3.5s, events=['left_hand', 'right_hand', 'feet', 'tongue'], sessions=['0train'], FIR(order=50, window=hamming, causal=True)",ea-stack-multi-safe-csp-lda,9,0.5389660493827161,0.2708333333333333,0.0069444444444444,0.1111111111111111,0.3514524469854309,0.5666666666666667,0.5483300131243836,0.5499999999999999,0.5555555555555556,0.8407427385272981,0.5815509693558475
20251228,4class,loso4_stack_multi_safe_smoke,outputs/20251228/4class/loso4_stack_multi_safe_smoke,outputs/20251228/4class/loso4_stack_multi_safe_smoke/20251228_method_comparison.csv,outputs/20251228/4class/loso4_stack_multi_safe_smoke/20251228_results.txt,paper_fir,"left_hand,right_hand,feet,tongue",0train,6,macro,,,"Preprocessing: mode=paper_fir, bandpass 8.0-30.0 Hz, resample 250.0 Hz, epoch tmin=0.5s, tmax=3.5s, events=['left_hand', 'right_hand', 'feet', 'tongue'], sessions=['0train'], FIR(order=50, window=hamming, causal=True)",rpa-csp-lda,9,0.51929012345679,0.28125,-0.0127314814814814,0.4444444444444444,,,,,,,
20251228,4class,loso4_stack_multi_safe_smoke,outputs/20251228/4class/loso4_stack_multi_safe_smoke,outputs/20251228/4class/loso4_stack_multi_safe_smoke/20251228_method_comparison.csv,outputs/20251228/4class/loso4_stack_multi_safe_smoke/20251228_results.txt,paper_fir,"left_hand,right_hand,feet,tongue",0train,6,macro,,,"Preprocessing: mode=paper_fir, bandpass 8.0-30.0 Hz, resample 250.0 Hz, epoch tmin=0.5s, tmax=3.5s, events=['left_hand', 'right_hand', 'feet', 'tongue'], sessions=['0train'], FIR(order=50, window=hamming, causal=True)",tsa-csp-lda,9,0.5123456790123456,0.2777777777777778,-0.0196759259259259,0.5555555555555556,,,,,,,
20251228,4class,loso4_stack_vs_chan_multi_safe,outputs/20251228/4class/loso4_stack_vs_chan_multi_safe,outputs/20251228/4class/loso4_stack_vs_chan_multi_safe/20251228_method_comparison.csv,outputs/20251228/4class/loso4_stack_vs_chan_multi_safe/20251228_results.txt,paper_fir,"left_hand,right_hand,feet,tongue",0train,6,macro,,,"Preprocessing: mode=paper_fir, bandpass 8.0-30.0 Hz, resample 250.0 Hz, epoch tmin=0.5s, tmax=3.5s, events=['left_hand', 'right_hand', 'feet', 'tongue'], sessions=['0train'], FIR(order=50, window=hamming, causal=True)",ea-csp-lda,9,0.5320216049382716,0.2569444444444444,,,,,,,,,
20251228,4class,loso4_stack_vs_chan_multi_safe,outputs/20251228/4class/loso4_stack_vs_chan_multi_safe,outputs/20251228/4class/loso4_stack_vs_chan_multi_safe/20251228_method_comparison.csv,outputs/20251228/4class/loso4_stack_vs_chan_multi_safe/20251228_results.txt,paper_fir,"left_hand,right_hand,feet,tongue",0train,6,macro,,,"Preprocessing: mode=paper_fir, bandpass 8.0-30.0 Hz, resample 250.0 Hz, epoch tmin=0.5s, tmax=3.5s, events=['left_hand', 'right_hand', 'feet', 'tongue'], sessions=['0train'], FIR(order=50, window=hamming, causal=True)",ea-si-chan-csp-lda,9,0.5393518518518517,0.2708333333333333,0.0073302469135802,0.1111111111111111,,,,,,,
20251228,4class,loso4_stack_vs_chan_multi_safe,outputs/20251228/4class/loso4_stack_vs_chan_multi_safe,outputs/20251228/4class/loso4_stack_vs_chan_multi_safe/20251228_method_comparison.csv,outputs/20251228/4class/loso4_stack_vs_chan_multi_safe/20251228_results.txt,paper_fir,"left_hand,right_hand,feet,tongue",0train,6,macro,,,"Preprocessing: mode=paper_fir, bandpass 8.0-30.0 Hz, resample 250.0 Hz, epoch tmin=0.5s, tmax=3.5s, events=['left_hand', 'right_hand', 'feet', 'tongue'], sessions=['0train'], FIR(order=50, window=hamming, causal=True)",ea-si-chan-multi-safe-csp-lda,9,0.5462962962962963,0.2604166666666667,0.0142746913580246,0.0,0.0032179958282686,0.0,0.1699093357349913,0.3666666666666667,0.5555555555555556,0.9498829084102778,0.7036714975845411
20251228,4class,loso4_stack_vs_chan_multi_safe,outputs/20251228/4class/loso4_stack_vs_chan_multi_safe,outputs/20251228/4class/loso4_stack_vs_chan_multi_safe/20251228_method_comparison.csv,outputs/20251228/4class/loso4_stack_vs_chan_multi_safe/20251228_results.txt,paper_fir,"left_hand,right_hand,feet,tongue",0train,6,macro,,,"Preprocessing: mode=paper_fir, bandpass 8.0-30.0 Hz, resample 250.0 Hz, epoch tmin=0.5s, tmax=3.5s, events=['left_hand', 'right_hand', 'feet', 'tongue'], sessions=['0train'], FIR(order=50, window=hamming, causal=True)",ea-stack-multi-safe-csp-lda,9,0.5389660493827161,0.2708333333333333,0.0069444444444444,0.1111111111111111,0.3514524469854309,0.5666666666666667,0.5483300131243836,0.5499999999999999,0.5555555555555556,0.8407427385272981,0.5815509693558475
20251228,4class,loso4_stack_vs_chan_multi_safe,outputs/20251228/4class/loso4_stack_vs_chan_multi_safe,outputs/20251228/4class/loso4_stack_vs_chan_multi_safe/20251228_method_comparison.csv,outputs/20251228/4class/loso4_stack_vs_chan_multi_safe/20251228_results.txt,paper_fir,"left_hand,right_hand,feet,tongue",0train,6,macro,,,"Preprocessing: mode=paper_fir, bandpass 8.0-30.0 Hz, resample 250.0 Hz, epoch tmin=0.5s, tmax=3.5s, events=['left_hand', 'right_hand', 'feet', 'tongue'], sessions=['0train'], FIR(order=50, window=hamming, causal=True)",rpa-csp-lda,9,0.51929012345679,0.28125,-0.0127314814814814,0.4444444444444444,,,,,,,
20251228,4class,loso4_stack_vs_chan_multi_safe,outputs/20251228/4class/loso4_stack_vs_chan_multi_safe,outputs/20251228/4class/loso4_stack_vs_chan_multi_safe/20251228_method_comparison.csv,outputs/20251228/4class/loso4_stack_vs_chan_multi_safe/20251228_results.txt,paper_fir,"left_hand,right_hand,feet,tongue",0train,6,macro,,,"Preprocessing: mode=paper_fir, bandpass 8.0-30.0 Hz, resample 250.0 Hz, epoch tmin=0.5s, tmax=3.5s, events=['left_hand', 'right_hand', 'feet', 'tongue'], sessions=['0train'], FIR(order=50, window=hamming, causal=True)",tsa-csp-lda,9,0.5123456790123456,0.2777777777777778,-0.0196759259259259,0.5555555555555556,,,,,,,
20251229,4class,loso4_chan_ms_r20_l05-2_thr05,outputs/20251229/4class/loso4_chan_ms_r20_l05-2_thr05,outputs/20251229/4class/loso4_chan_ms_r20_l05-2_thr05/20251229_method_comparison.csv,outputs/20251229/4class/loso4_chan_ms_r20_l05-2_thr05/20251229_results.txt,paper_fir,"left_hand,right_hand,feet,tongue",0train,6,macro,,,"Preprocessing: mode=paper_fir, bandpass 8.0-30.0 Hz, resample 250.0 Hz, epoch tmin=0.5s, tmax=3.5s, events=['left_hand', 'right_hand', 'feet', 'tongue'], sessions=['0train'], FIR(order=50, window=hamming, causal=True)",ea-csp-lda,9,0.5320216049382716,0.2569444444444444,,,,,,,,,
20251229,4class,loso4_chan_ms_r20_l05-2_thr05,outputs/20251229/4class/loso4_chan_ms_r20_l05-2_thr05,outputs/20251229/4class/loso4_chan_ms_r20_l05-2_thr05/20251229_method_comparison.csv,outputs/20251229/4class/loso4_chan_ms_r20_l05-2_thr05/20251229_results.txt,paper_fir,"left_hand,right_hand,feet,tongue",0train,6,macro,,,"Preprocessing: mode=paper_fir, bandpass 8.0-30.0 Hz, resample 250.0 Hz, epoch tmin=0.5s, tmax=3.5s, events=['left_hand', 'right_hand', 'feet', 'tongue'], sessions=['0train'], FIR(order=50, window=hamming, causal=True)",ea-si-chan-multi-safe-csp-lda,9,0.5320216049382716,0.2569444444444444,0.0,0.0,,-0.1833333333333333,,-0.1999999999999999,0.0,0.94397306918753,0.7230917874396136
20251229,4class,loso4_chan_ms_r21_l025-2_thr05,outputs/20251229/4class/loso4_chan_ms_r21_l025-2_thr05,outputs/20251229/4class/loso4_chan_ms_r21_l025-2_thr05/20251229_method_comparison.csv,outputs/20251229/4class/loso4_chan_ms_r21_l025-2_thr05/20251229_results.txt,paper_fir,"left_hand,right_hand,feet,tongue",0train,6,macro,,,"Preprocessing: mode=paper_fir, bandpass 8.0-30.0 Hz, resample 250.0 Hz, epoch tmin=0.5s, tmax=3.5s, events=['left_hand', 'right_hand', 'feet', 'tongue'], sessions=['0train'], FIR(order=50, window=hamming, causal=True)",ea-csp-lda,9,0.5320216049382716,0.2569444444444444,,,,,,,,,
20251229,4class,loso4_chan_ms_r21_l025-2_thr05,outputs/20251229/4class/loso4_chan_ms_r21_l025-2_thr05,outputs/20251229/4class/loso4_chan_ms_r21_l025-2_thr05/20251229_method_comparison.csv,outputs/20251229/4class/loso4_chan_ms_r21_l025-2_thr05/20251229_results.txt,paper_fir,"left_hand,right_hand,feet,tongue",0train,6,macro,,,"Preprocessing: mode=paper_fir, bandpass 8.0-30.0 Hz, resample 250.0 Hz, epoch tmin=0.5s, tmax=3.5s, events=['left_hand', 'right_hand', 'feet', 'tongue'], sessions=['0train'], FIR(order=50, window=hamming, causal=True)",ea-si-chan-multi-safe-csp-lda,9,0.5362654320987654,0.2604166666666667,0.0042438271604938,0.0,0.4486152667501596,0.6666666666666667,0.5348820795333985,0.5833333333333334,0.2222222222222222,0.9250983015737274,0.6869908765070054
20251229,4class,loso4_chan_ms_r21_l025-3_thr05,outputs/20251229/4class/loso4_chan_ms_r21_l025-3_thr05,outputs/20251229/4class/loso4_chan_ms_r21_l025-3_thr05/20251229_method_comparison.csv,outputs/20251229/4class/loso4_chan_ms_r21_l025-3_thr05/20251229_results.txt,paper_fir,"left_hand,right_hand,feet,tongue",0train,6,macro,,,"Preprocessing: mode=paper_fir, bandpass 8.0-30.0 Hz, resample 250.0 Hz, epoch tmin=0.5s, tmax=3.5s, events=['left_hand', 'right_hand', 'feet', 'tongue'], sessions=['0train'], FIR(order=50, window=hamming, causal=True)",ea-csp-lda,9,0.5320216049382716,0.2569444444444444,,,,,,,,,
20251229,4class,loso4_chan_ms_r21_l025-3_thr05,outputs/20251229/4class/loso4_chan_ms_r21_l025-3_thr05,outputs/20251229/4class/loso4_chan_ms_r21_l025-3_thr05/20251229_method_comparison.csv,outputs/20251229/4class/loso4_chan_ms_r21_l025-3_thr05/20251229_results.txt,paper_fir,"left_hand,right_hand,feet,tongue",0train,6,macro,,,"Preprocessing: mode=paper_fir, bandpass 8.0-30.0 Hz, resample 250.0 Hz, epoch tmin=0.5s, tmax=3.5s, events=['left_hand', 'right_hand', 'feet', 'tongue'], sessions=['0train'], FIR(order=50, window=hamming, causal=True)",ea-si-chan-multi-safe-csp-lda,9,0.5339506172839505,0.2604166666666667,0.001929012345679,0.1111111111111111,0.0668285130810253,0.4833333333333333,0.1737996442433758,0.45,0.4444444444444444,0.8952571595283799,0.6434875066454014
20251229,4class,loso4_chan_ms_r21_l05-2_cal4_seed0,outputs/20251229/4class/loso4_chan_ms_r21_l05-2_cal4_seed0,outputs/20251229/4class/loso4_chan_ms_r21_l05-2_cal4_seed0/20251229_method_comparison.csv,outputs/20251229/4class/loso4_chan_ms_r21_l05-2_cal4_seed0/20251229_results.txt,paper_fir,"left_hand,right_hand,feet,tongue",0train,6,macro,,,"Preprocessing: mode=paper_fir, bandpass 8.0-30.0 Hz, resample 250.0 Hz, epoch tmin=0.5s, tmax=3.5s, events=['left_hand', 'right_hand', 'feet', 'tongue'], sessions=['0train'], FIR(order=50, window=hamming, causal=True)",ea-csp-lda,9,0.5320216049382716,0.2569444444444444,,,,,,,,,
20251229,4class,loso4_chan_ms_r21_l05-2_cal4_seed0,outputs/20251229/4class/loso4_chan_ms_r21_l05-2_cal4_seed0,outputs/20251229/4class/loso4_chan_ms_r21_l05-2_cal4_seed0/20251229_method_comparison.csv,outputs/20251229/4class/loso4_chan_ms_r21_l05-2_cal4_seed0/20251229_results.txt,paper_fir,"left_hand,right_hand,feet,tongue",0train,6,macro,,,"Preprocessing: mode=paper_fir, bandpass 8.0-30.0 Hz, resample 250.0 Hz, epoch tmin=0.5s, tmax=3.5s, events=['left_hand', 'right_hand', 'feet', 'tongue'], sessions=['0train'], FIR(order=50, window=hamming, causal=True)",ea-si-chan-multi-safe-csp-lda,9,0.5362654320987654,0.2604166666666667,0.0042438271604938,0.0,0.313437760168365,0.7333333333333334,0.5933240852696527,0.6166666666666666,0.2222222222222222,0.9461309523809524,0.7606837606837609
20251229,4class,loso4_chan_ms_r21_l05-2_cal4_seed1,outputs/20251229/4class/loso4_chan_ms_r21_l05-2_cal4_seed1,outputs/20251229/4class/loso4_chan_ms_r21_l05-2_cal4_seed1/20251229_method_comparison.csv,outputs/20251229/4class/loso4_chan_ms_r21_l05-2_cal4_seed1/20251229_results.txt,paper_fir,"left_hand,right_hand,feet,tongue",0train,6,macro,,,"Preprocessing: mode=paper_fir, bandpass 8.0-30.0 Hz, resample 250.0 Hz, epoch tmin=0.5s, tmax=3.5s, events=['left_hand', 'right_hand', 'feet', 'tongue'], sessions=['0train'], FIR(order=50, window=hamming, causal=True)",ea-csp-lda,9,0.5320216049382716,0.2569444444444444,,,,,,,,,
20251229,4class,loso4_chan_ms_r21_l05-2_cal4_seed1,outputs/20251229/4class/loso4_chan_ms_r21_l05-2_cal4_seed1,outputs/20251229/4class/loso4_chan_ms_r21_l05-2_cal4_seed1/20251229_method_comparison.csv,outputs/20251229/4class/loso4_chan_ms_r21_l05-2_cal4_seed1/20251229_results.txt,paper_fir,"left_hand,right_hand,feet,tongue",0train,6,macro,,,"Preprocessing: mode=paper_fir, bandpass 8.0-30.0 Hz, resample 250.0 Hz, epoch tmin=0.5s, tmax=3.5s, events=['left_hand', 'right_hand', 'feet', 'tongue'], sessions=['0train'], FIR(order=50, window=hamming, causal=True)",ea-si-chan-multi-safe-csp-lda,9,0.5397376543209876,0.2708333333333333,0.007716049382716,0.0,0.4976838856591462,0.3666666666666667,0.7124045880330973,0.5499999999999999,0.3333333333333333,0.9766233766233766,0.6643356643356645
20251229,4class,loso4_chan_ms_r21_l05-2_cal4_seed2,outputs/20251229/4class/loso4_chan_ms_r21_l05-2_cal4_seed2,outputs/20251229/4class/loso4_chan_ms_r21_l05-2_cal4_seed2/20251229_method_comparison.csv,outputs/20251229/4class/loso4_chan_ms_r21_l05-2_cal4_seed2/20251229_results.txt,paper_fir,"left_hand,right_hand,feet,tongue",0train,6,macro,,,"Preprocessing: mode=paper_fir, bandpass 8.0-30.0 Hz, resample 250.0 Hz, epoch tmin=0.5s, tmax=3.5s, events=['left_hand', 'right_hand', 'feet', 'tongue'], sessions=['0train'], FIR(order=50, window=hamming, causal=True)",ea-csp-lda,9,0.5320216049382716,0.2569444444444444,,,,,,,,,
20251229,4class,loso4_chan_ms_r21_l05-2_cal4_seed2,outputs/20251229/4class/loso4_chan_ms_r21_l05-2_cal4_seed2,outputs/20251229/4class/loso4_chan_ms_r21_l05-2_cal4_seed2/20251229_method_comparison.csv,outputs/20251229/4class/loso4_chan_ms_r21_l05-2_cal4_seed2/20251229_results.txt,paper_fir,"left_hand,right_hand,feet,tongue",0train,6,macro,,,"Preprocessing: mode=paper_fir, bandpass 8.0-30.0 Hz, resample 250.0 Hz, epoch tmin=0.5s, tmax=3.5s, events=['left_hand', 'right_hand', 'feet', 'tongue'], sessions=['0train'], FIR(order=50, window=hamming, causal=True)",ea-si-chan-multi-safe-csp-lda,9,0.5366512345679012,0.2604166666666667,0.0046296296296296,0.0,0.3333640119941597,0.3166666666666666,0.0753604580306535,0.3333333333333333,0.3333333333333333,0.9525793650793652,0.7047397047397048
20251229,4class,loso4_chan_ms_r21_l05-2_thr04,outputs/20251229/4class/loso4_chan_ms_r21_l05-2_thr04,outputs/20251229/4class/loso4_chan_ms_r21_l05-2_thr04/20251229_method_comparison.csv,outputs/20251229/4class/loso4_chan_ms_r21_l05-2_thr04/20251229_results.txt,paper_fir,"left_hand,right_hand,feet,tongue",0train,6,macro,,,"Preprocessing: mode=paper_fir, bandpass 8.0-30.0 Hz, resample 250.0 Hz, epoch tmin=0.5s, tmax=3.5s, events=['left_hand', 'right_hand', 'feet', 'tongue'], sessions=['0train'], FIR(order=50, window=hamming, causal=True)",ea-csp-lda,9,0.5320216049382716,0.2569444444444444,,,,,,,,,
20251229,4class,loso4_chan_ms_r21_l05-2_thr04,outputs/20251229/4class/loso4_chan_ms_r21_l05-2_thr04,outputs/20251229/4class/loso4_chan_ms_r21_l05-2_thr04/20251229_method_comparison.csv,outputs/20251229/4class/loso4_chan_ms_r21_l05-2_thr04/20251229_results.txt,paper_fir,"left_hand,right_hand,feet,tongue",0train,6,macro,,,"Preprocessing: mode=paper_fir, bandpass 8.0-30.0 Hz, resample 250.0 Hz, epoch tmin=0.5s, tmax=3.5s, events=['left_hand', 'right_hand', 'feet', 'tongue'], sessions=['0train'], FIR(order=50, window=hamming, causal=True)",ea-si-chan-multi-safe-csp-lda,9,0.5462962962962963,0.2604166666666667,0.0142746913580246,0.0,0.0032179958282687,0.0,0.1699093357349927,0.3666666666666667,0.5555555555555556,0.9498829084102778,0.7036714975845411
20251229,4class,loso4_chan_ms_r21_l05-2_thr05_margin001,outputs/20251229/4class/loso4_chan_ms_r21_l05-2_thr05_margin001,outputs/20251229/4class/loso4_chan_ms_r21_l05-2_thr05_margin001/20251229_method_comparison.csv,outputs/20251229/4class/loso4_chan_ms_r21_l05-2_thr05_margin001/20251229_results.txt,paper_fir,"left_hand,right_hand,feet,tongue",0train,6,macro,,,"Preprocessing: mode=paper_fir, bandpass 8.0-30.0 Hz, resample 250.0 Hz, epoch tmin=0.5s, tmax=3.5s, events=['left_hand', 'right_hand', 'feet', 'tongue'], sessions=['0train'], FIR(order=50, window=hamming, causal=True)",ea-csp-lda,9,0.5320216049382716,0.2569444444444444,,,,,,,,,
20251229,4class,loso4_chan_ms_r21_l05-2_thr05_margin001,outputs/20251229/4class/loso4_chan_ms_r21_l05-2_thr05_margin001,outputs/20251229/4class/loso4_chan_ms_r21_l05-2_thr05_margin001/20251229_method_comparison.csv,outputs/20251229/4class/loso4_chan_ms_r21_l05-2_thr05_margin001/20251229_results.txt,paper_fir,"left_hand,right_hand,feet,tongue",0train,6,macro,,,"Preprocessing: mode=paper_fir, bandpass 8.0-30.0 Hz, resample 250.0 Hz, epoch tmin=0.5s, tmax=3.5s, events=['left_hand', 'right_hand', 'feet', 'tongue'], sessions=['0train'], FIR(order=50, window=hamming, causal=True)",ea-si-chan-multi-safe-csp-lda,9,0.5362654320987654,0.2604166666666667,0.0042438271604938,0.0,0.5367141471978316,0.75,0.5956743994792989,0.5333333333333333,0.2222222222222222,0.9617427244620228,0.589855072463768
20251229,4class,loso4_chan_ms_r21_l05-2_thr05_ra01,outputs/20251229/4class/loso4_chan_ms_r21_l05-2_thr05_ra01,outputs/20251229/4class/loso4_chan_ms_r21_l05-2_thr05_ra01/20251229_method_comparison.csv,outputs/20251229/4class/loso4_chan_ms_r21_l05-2_thr05_ra01/20251229_results.txt,paper_fir,"left_hand,right_hand,feet,tongue",0train,6,macro,,,"Preprocessing: mode=paper_fir, bandpass 8.0-30.0 Hz, resample 250.0 Hz, epoch tmin=0.5s, tmax=3.5s, events=['left_hand', 'right_hand', 'feet', 'tongue'], sessions=['0train'], FIR(order=50, window=hamming, causal=True)",ea-csp-lda,9,0.5320216049382716,0.2569444444444444,,,,,,,,,
20251229,4class,loso4_chan_ms_r21_l05-2_thr05_ra01,outputs/20251229/4class/loso4_chan_ms_r21_l05-2_thr05_ra01,outputs/20251229/4class/loso4_chan_ms_r21_l05-2_thr05_ra01/20251229_method_comparison.csv,outputs/20251229/4class/loso4_chan_ms_r21_l05-2_thr05_ra01/20251229_results.txt,paper_fir,"left_hand,right_hand,feet,tongue",0train,6,macro,,,"Preprocessing: mode=paper_fir, bandpass 8.0-30.0 Hz, resample 250.0 Hz, epoch tmin=0.5s, tmax=3.5s, events=['left_hand', 'right_hand', 'feet', 'tongue'], sessions=['0train'], FIR(order=50, window=hamming, causal=True)",ea-si-chan-multi-safe-csp-lda,9,0.5412808641975309,0.2604166666666667,0.0092592592592592,0.1111111111111111,0.1498982464791436,0.0499999999999999,0.3647881012293406,0.2333333333333333,0.6666666666666666,0.9498829084102778,0.7036714975845411
20251229,4class,loso4_chan_ms_r21_l05-2_thr05_ra10,outputs/20251229/4class/loso4_chan_ms_r21_l05-2_thr05_ra10,outputs/20251229/4class/loso4_chan_ms_r21_l05-2_thr05_ra10/20251229_method_comparison.csv,outputs/20251229/4class/loso4_chan_ms_r21_l05-2_thr05_ra10/20251229_results.txt,paper_fir,"left_hand,right_hand,feet,tongue",0train,6,macro,,,"Preprocessing: mode=paper_fir, bandpass 8.0-30.0 Hz, resample 250.0 Hz, epoch tmin=0.5s, tmax=3.5s, events=['left_hand', 'right_hand', 'feet', 'tongue'], sessions=['0train'], FIR(order=50, window=hamming, causal=True)",ea-csp-lda,9,0.5320216049382716,0.2569444444444444,,,,,,,,,
20251229,4class,loso4_chan_ms_r21_l05-2_thr05_ra10,outputs/20251229/4class/loso4_chan_ms_r21_l05-2_thr05_ra10,outputs/20251229/4class/loso4_chan_ms_r21_l05-2_thr05_ra10/20251229_method_comparison.csv,outputs/20251229/4class/loso4_chan_ms_r21_l05-2_thr05_ra10/20251229_results.txt,paper_fir,"left_hand,right_hand,feet,tongue",0train,6,macro,,,"Preprocessing: mode=paper_fir, bandpass 8.0-30.0 Hz, resample 250.0 Hz, epoch tmin=0.5s, tmax=3.5s, events=['left_hand', 'right_hand', 'feet', 'tongue'], sessions=['0train'], FIR(order=50, window=hamming, causal=True)",ea-si-chan-multi-safe-csp-lda,9,0.5389660493827161,0.2604166666666667,0.0069444444444444,0.0,0.3655428753998527,0.5333333333333333,0.6666220441808572,0.7833333333333333,0.3333333333333333,0.9498829084102778,0.7036714975845411
20251229,4class,loso4_chan_ms_r21_l05-2_thr05_sir1e-4,outputs/20251229/4class/loso4_chan_ms_r21_l05-2_thr05_sir1e-4,outputs/20251229/4class/loso4_chan_ms_r21_l05-2_thr05_sir1e-4/20251229_method_comparison.csv,outputs/20251229/4class/loso4_chan_ms_r21_l05-2_thr05_sir1e-4/20251229_results.txt,paper_fir,"left_hand,right_hand,feet,tongue",0train,6,macro,,,"Preprocessing: mode=paper_fir, bandpass 8.0-30.0 Hz, resample 250.0 Hz, epoch tmin=0.5s, tmax=3.5s, events=['left_hand', 'right_hand', 'feet', 'tongue'], sessions=['0train'], FIR(order=50, window=hamming, causal=True)",ea-csp-lda,9,0.5320216049382716,0.2569444444444444,,,,,,,,,
20251229,4class,loso4_chan_ms_r21_l05-2_thr05_sir1e-4,outputs/20251229/4class/loso4_chan_ms_r21_l05-2_thr05_sir1e-4,outputs/20251229/4class/loso4_chan_ms_r21_l05-2_thr05_sir1e-4/20251229_method_comparison.csv,outputs/20251229/4class/loso4_chan_ms_r21_l05-2_thr05_sir1e-4/20251229_results.txt,paper_fir,"left_hand,right_hand,feet,tongue",0train,6,macro,,,"Preprocessing: mode=paper_fir, bandpass 8.0-30.0 Hz, resample 250.0 Hz, epoch tmin=0.5s, tmax=3.5s, events=['left_hand', 'right_hand', 'feet', 'tongue'], sessions=['0train'], FIR(order=50, window=hamming, causal=True)",ea-si-chan-multi-safe-csp-lda,9,0.5293209876543209,0.2430555555555555,-0.0027006172839506,0.2222222222222222,-0.0442268136412562,0.1666666666666666,0.0854646639321,0.15,0.3333333333333333,0.9473645476709204,0.6917874396135264
20251229,4class,loso4_chan_ms_r21_l05-2_thr06,outputs/20251229/4class/loso4_chan_ms_r21_l05-2_thr06,outputs/20251229/4class/loso4_chan_ms_r21_l05-2_thr06/20251229_method_comparison.csv,outputs/20251229/4class/loso4_chan_ms_r21_l05-2_thr06/20251229_results.txt,paper_fir,"left_hand,right_hand,feet,tongue",0train,6,macro,,,"Preprocessing: mode=paper_fir, bandpass 8.0-30.0 Hz, resample 250.0 Hz, epoch tmin=0.5s, tmax=3.5s, events=['left_hand', 'right_hand', 'feet', 'tongue'], sessions=['0train'], FIR(order=50, window=hamming, causal=True)",ea-csp-lda,9,0.5320216049382716,0.2569444444444444,,,,,,,,,
20251229,4class,loso4_chan_ms_r21_l05-2_thr06,outputs/20251229/4class/loso4_chan_ms_r21_l05-2_thr06,outputs/20251229/4class/loso4_chan_ms_r21_l05-2_thr06/20251229_method_comparison.csv,outputs/20251229/4class/loso4_chan_ms_r21_l05-2_thr06/20251229_results.txt,paper_fir,"left_hand,right_hand,feet,tongue",0train,6,macro,,,"Preprocessing: mode=paper_fir, bandpass 8.0-30.0 Hz, resample 250.0 Hz, epoch tmin=0.5s, tmax=3.5s, events=['left_hand', 'right_hand', 'feet', 'tongue'], sessions=['0train'], FIR(order=50, window=hamming, causal=True)",ea-si-chan-multi-safe-csp-lda,9,0.5401234567901234,0.2604166666666667,0.0081018518518518,0.0,0.3540284516724059,0.5333333333333333,0.3732830307232408,0.5333333333333333,0.3333333333333333,0.9498829084102778,0.7036714975845411
20251229,4class,loso4_chan_ms_r21_l05-3_thr05,outputs/20251229/4class/loso4_chan_ms_r21_l05-3_thr05,outputs/20251229/4class/loso4_chan_ms_r21_l05-3_thr05/20251229_method_comparison.csv,outputs/20251229/4class/loso4_chan_ms_r21_l05-3_thr05/20251229_results.txt,paper_fir,"left_hand,right_hand,feet,tongue",0train,6,macro,,,"Preprocessing: mode=paper_fir, bandpass 8.0-30.0 Hz, resample 250.0 Hz, epoch tmin=0.5s, tmax=3.5s, events=['left_hand', 'right_hand', 'feet', 'tongue'], sessions=['0train'], FIR(order=50, window=hamming, causal=True)",ea-csp-lda,9,0.5320216049382716,0.2569444444444444,,,,,,,,,
20251229,4class,loso4_chan_ms_r21_l05-3_thr05,outputs/20251229/4class/loso4_chan_ms_r21_l05-3_thr05,outputs/20251229/4class/loso4_chan_ms_r21_l05-3_thr05/20251229_method_comparison.csv,outputs/20251229/4class/loso4_chan_ms_r21_l05-3_thr05/20251229_results.txt,paper_fir,"left_hand,right_hand,feet,tongue",0train,6,macro,,,"Preprocessing: mode=paper_fir, bandpass 8.0-30.0 Hz, resample 250.0 Hz, epoch tmin=0.5s, tmax=3.5s, events=['left_hand', 'right_hand', 'feet', 'tongue'], sessions=['0train'], FIR(order=50, window=hamming, causal=True)",ea-si-chan-multi-safe-csp-lda,9,0.5358796296296297,0.2604166666666667,0.003858024691358,0.1111111111111111,0.1656064363669942,0.2833333333333333,0.4875105438476015,0.6666666666666667,0.5555555555555556,0.9385437874902726,0.7047491039426522
20251229,4class,loso4_ea_vs_easichan_multi_safe_r21_l05-2_thr05_rerun,outputs/20251229/4class/loso4_ea_vs_easichan_multi_safe_r21_l05-2_thr05_rerun,outputs/20251229/4class/loso4_ea_vs_easichan_multi_safe_r21_l05-2_thr05_rerun/20251229_method_comparison.csv,outputs/20251229/4class/loso4_ea_vs_easichan_multi_safe_r21_l05-2_thr05_rerun/20251229_results.txt,paper_fir,"left_hand,right_hand,feet,tongue",0train,6,macro,,,"Preprocessing: mode=paper_fir, bandpass 8.0-30.0 Hz, resample 250.0 Hz, epoch tmin=0.5s, tmax=3.5s, events=['left_hand', 'right_hand', 'feet', 'tongue'], sessions=['0train'], FIR(order=50, window=hamming, causal=True)",ea-csp-lda,9,0.5320216049382716,0.2569444444444444,,,,,,,,,
20251229,4class,loso4_ea_vs_easichan_multi_safe_r21_l05-2_thr05_rerun,outputs/20251229/4class/loso4_ea_vs_easichan_multi_safe_r21_l05-2_thr05_rerun,outputs/20251229/4class/loso4_ea_vs_easichan_multi_safe_r21_l05-2_thr05_rerun/20251229_method_comparison.csv,outputs/20251229/4class/loso4_ea_vs_easichan_multi_safe_r21_l05-2_thr05_rerun/20251229_results.txt,paper_fir,"left_hand,right_hand,feet,tongue",0train,6,macro,,,"Preprocessing: mode=paper_fir, bandpass 8.0-30.0 Hz, resample 250.0 Hz, epoch tmin=0.5s, tmax=3.5s, events=['left_hand', 'right_hand', 'feet', 'tongue'], sessions=['0train'], FIR(order=50, window=hamming, causal=True)",ea-si-chan-multi-safe-csp-lda,9,0.5462962962962963,0.2604166666666667,0.0142746913580246,0.0,0.0032179958282687,0.0,0.1699093357349927,0.3666666666666667,0.5555555555555556,0.9498829084102778,0.7036714975845411
20251229,4class,loso4_eazo_localmix_imr_calguard_k8_cal3_i15,outputs/20251229/4class/loso4_eazo_localmix_imr_calguard_k8_cal3_i15,outputs/20251229/4class/loso4_eazo_localmix_imr_calguard_k8_cal3_i15/20251229_method_comparison.csv,outputs/20251229/4class/loso4_eazo_localmix_imr_calguard_k8_cal3_i15/20251229_results.txt,paper_fir,"left_hand,right_hand,feet,tongue",0train,6,macro,09d967f87a06a3e54a747b47c0399f98373b0a54,"run_csp_lda_loso.py --preprocess paper_fir --n-components 6 --events left_hand,right_hand,feet,tongue --sessions 0train --methods ea-csp-lda,ea-zo-imr-csp-lda --oea-zo-transform local_mix --oea-zo-localmix-neighbors 8 --oea-zo-localmix-self-bias 3.0 --oea-zo-iters 15 --oea-zo-lr 0.2 --oea-zo-mu 0.05 --oea-zo-l2 0.001 --oea-zo-reliable-metric confidence --oea-zo-reliable-threshold 0.7 --oea-zo-reliable-alpha 10 --oea-zo-marginal-mode kl_prior --oea-zo-marginal-beta 0 --oea-zo-marginal-prior anchor_pred --oea-zo-selector calibrated_guard --oea-zo-calib-guard-threshold 0.5 --oea-zo-calib-max-subjects 3 --no-plots --run-name loso4_eazo_localmix_imr_calguard_k8_cal3_i15","Preprocessing: mode=paper_fir, bandpass 8.0-30.0 Hz, resample 250.0 Hz, epoch tmin=0.5s, tmax=3.5s, events=['left_hand', 'right_hand', 'feet', 'tongue'], sessions=['0train'], FIR(order=50, window=hamming, causal=True)",ea-csp-lda,9,0.5320216049382716,0.2569444444444444,,,,,,,,,
20251229,4class,loso4_eazo_localmix_imr_calguard_k8_cal3_i15,outputs/20251229/4class/loso4_eazo_localmix_imr_calguard_k8_cal3_i15,outputs/20251229/4class/loso4_eazo_localmix_imr_calguard_k8_cal3_i15/20251229_method_comparison.csv,outputs/20251229/4class/loso4_eazo_localmix_imr_calguard_k8_cal3_i15/20251229_results.txt,paper_fir,"left_hand,right_hand,feet,tongue",0train,6,macro,09d967f87a06a3e54a747b47c0399f98373b0a54,"run_csp_lda_loso.py --preprocess paper_fir --n-components 6 --events left_hand,right_hand,feet,tongue --sessions 0train --methods ea-csp-lda,ea-zo-imr-csp-lda --oea-zo-transform local_mix --oea-zo-localmix-neighbors 8 --oea-zo-localmix-self-bias 3.0 --oea-zo-iters 15 --oea-zo-lr 0.2 --oea-zo-mu 0.05 --oea-zo-l2 0.001 --oea-zo-reliable-metric confidence --oea-zo-reliable-threshold 0.7 --oea-zo-reliable-alpha 10 --oea-zo-marginal-mode kl_prior --oea-zo-marginal-beta 0 --oea-zo-marginal-prior anchor_pred --oea-zo-selector calibrated_guard --oea-zo-calib-guard-threshold 0.5 --oea-zo-calib-max-subjects 3 --no-plots --run-name loso4_eazo_localmix_imr_calguard_k8_cal3_i15","Preprocessing: mode=paper_fir, bandpass 8.0-30.0 Hz, resample 250.0 Hz, epoch tmin=0.5s, tmax=3.5s, events=['left_hand', 'right_hand', 'feet', 'tongue'], sessions=['0train'], FIR(order=50, window=hamming, causal=True)",ea-zo-imr-csp-lda,9,0.5358796296296297,0.2604166666666667,0.003858024691358,0.0,,,,,,,
20251229,4class,loso4_localmix_imr_calguard_k8,outputs/20251229/4class/loso4_localmix_imr_calguard_k8,outputs/20251229/4class/loso4_localmix_imr_calguard_k8/20251229_method_comparison.csv,outputs/20251229/4class/loso4_localmix_imr_calguard_k8/20251229_results.txt,paper_fir,"left_hand,right_hand,feet,tongue",0train,6,macro,,,"Preprocessing: mode=paper_fir, bandpass 8.0-30.0 Hz, resample 250.0 Hz, epoch tmin=0.5s, tmax=3.5s, events=['left_hand', 'right_hand', 'feet', 'tongue'], sessions=['0train'], FIR(order=50, window=hamming, causal=True)",ea-csp-lda,9,0.5320216049382716,0.2569444444444444,,,,,,,,,
20251229,4class,loso4_localmix_imr_calguard_k8,outputs/20251229/4class/loso4_localmix_imr_calguard_k8,outputs/20251229/4class/loso4_localmix_imr_calguard_k8/20251229_method_comparison.csv,outputs/20251229/4class/loso4_localmix_imr_calguard_k8/20251229_results.txt,paper_fir,"left_hand,right_hand,feet,tongue",0train,6,macro,,,"Preprocessing: mode=paper_fir, bandpass 8.0-30.0 Hz, resample 250.0 Hz, epoch tmin=0.5s, tmax=3.5s, events=['left_hand', 'right_hand', 'feet', 'tongue'], sessions=['0train'], FIR(order=50, window=hamming, causal=True)",ea-zo-imr-csp-lda,9,0.5358796296296297,0.2604166666666667,0.003858024691358,0.0,,,,,,,
20251229,4class,loso4_localmix_imr_calrg_k8,outputs/20251229/4class/loso4_localmix_imr_calrg_k8,outputs/20251229/4class/loso4_localmix_imr_calrg_k8/20251229_method_comparison.csv,outputs/20251229/4class/loso4_localmix_imr_calrg_k8/20251229_results.txt,paper_fir,"left_hand,right_hand,feet,tongue",0train,6,macro,,,"Preprocessing: mode=paper_fir, bandpass 8.0-30.0 Hz, resample 250.0 Hz, epoch tmin=0.5s, tmax=3.5s, events=['left_hand', 'right_hand', 'feet', 'tongue'], sessions=['0train'], FIR(order=50, window=hamming, causal=True)",ea-csp-lda,9,0.5320216049382716,0.2569444444444444,,,,,,,,,
20251229,4class,loso4_localmix_imr_calrg_k8,outputs/20251229/4class/loso4_localmix_imr_calrg_k8,outputs/20251229/4class/loso4_localmix_imr_calrg_k8/20251229_method_comparison.csv,outputs/20251229/4class/loso4_localmix_imr_calrg_k8/20251229_results.txt,paper_fir,"left_hand,right_hand,feet,tongue",0train,6,macro,,,"Preprocessing: mode=paper_fir, bandpass 8.0-30.0 Hz, resample 250.0 Hz, epoch tmin=0.5s, tmax=3.5s, events=['left_hand', 'right_hand', 'feet', 'tongue'], sessions=['0train'], FIR(order=50, window=hamming, causal=True)",ea-zo-imr-csp-lda,9,0.5347222222222221,0.2604166666666667,0.0027006172839506,0.0,,,,,,,
20251229,4class,loso4_localmix_imr_calrg_rerun,outputs/20251229/4class/loso4_localmix_imr_calrg_rerun,outputs/20251229/4class/loso4_localmix_imr_calrg_rerun/20251229_method_comparison.csv,outputs/20251229/4class/loso4_localmix_imr_calrg_rerun/20251229_results.txt,paper_fir,"left_hand,right_hand,feet,tongue",0train,6,macro,,,"Preprocessing: mode=paper_fir, bandpass 8.0-30.0 Hz, resample 250.0 Hz, epoch tmin=0.5s, tmax=3.5s, events=['left_hand', 'right_hand', 'feet', 'tongue'], sessions=['0train'], FIR(order=50, window=hamming, causal=True)",ea-csp-lda,9,0.5320216049382716,0.2569444444444444,,,,,,,,,
20251229,4class,loso4_localmix_imr_calrg_rerun,outputs/20251229/4class/loso4_localmix_imr_calrg_rerun,outputs/20251229/4class/loso4_localmix_imr_calrg_rerun/20251229_method_comparison.csv,outputs/20251229/4class/loso4_localmix_imr_calrg_rerun/20251229_results.txt,paper_fir,"left_hand,right_hand,feet,tongue",0train,6,macro,,,"Preprocessing: mode=paper_fir, bandpass 8.0-30.0 Hz, resample 250.0 Hz, epoch tmin=0.5s, tmax=3.5s, events=['left_hand', 'right_hand', 'feet', 'tongue'], sessions=['0train'], FIR(order=50, window=hamming, causal=True)",ea-si-chan-multi-safe-csp-lda,9,0.5462962962962963,0.2604166666666667,0.0142746913580246,0.0,0.0032179958282687,0.0,0.1699093357349927,0.3666666666666667,0.5555555555555556,0.9498829084102778,0.7036714975845411
20251229,4class,loso4_localmix_imr_calrg_rerun,outputs/20251229/4class/loso4_localmix_imr_calrg_rerun,outputs/20251229/4class/loso4_localmix_imr_calrg_rerun/20251229_method_comparison.csv,outputs/20251229/4class/loso4_localmix_imr_calrg_rerun/20251229_results.txt,paper_fir,"left_hand,right_hand,feet,tongue",0train,6,macro,,,"Preprocessing: mode=paper_fir, bandpass 8.0-30.0 Hz, resample 250.0 Hz, epoch tmin=0.5s, tmax=3.5s, events=['left_hand', 'right_hand', 'feet', 'tongue'], sessions=['0train'], FIR(order=50, window=hamming, causal=True)",ea-zo-imr-csp-lda,9,0.5320216049382716,0.2569444444444444,0.0,0.0,,,,,,,
20251229,4class,loso4_localmix_imr_objective,outputs/20251229/4class/loso4_localmix_imr_objective,outputs/20251229/4class/loso4_localmix_imr_objective/20251229_method_comparison.csv,outputs/20251229/4class/loso4_localmix_imr_objective/20251229_results.txt,paper_fir,"left_hand,right_hand,feet,tongue",0train,6,macro,,,"Preprocessing: mode=paper_fir, bandpass 8.0-30.0 Hz, resample 250.0 Hz, epoch tmin=0.5s, tmax=3.5s, events=['left_hand', 'right_hand', 'feet', 'tongue'], sessions=['0train'], FIR(order=50, window=hamming, causal=True)",ea-csp-lda,9,0.5320216049382716,0.2569444444444444,,,,,,,,,
20251229,4class,loso4_localmix_imr_objective,outputs/20251229/4class/loso4_localmix_imr_objective,outputs/20251229/4class/loso4_localmix_imr_objective/20251229_method_comparison.csv,outputs/20251229/4class/loso4_localmix_imr_objective/20251229_results.txt,paper_fir,"left_hand,right_hand,feet,tongue",0train,6,macro,,,"Preprocessing: mode=paper_fir, bandpass 8.0-30.0 Hz, resample 250.0 Hz, epoch tmin=0.5s, tmax=3.5s, events=['left_hand', 'right_hand', 'feet', 'tongue'], sessions=['0train'], FIR(order=50, window=hamming, causal=True)",ea-zo-imr-csp-lda,9,0.5324074074074073,0.2604166666666667,0.0003858024691358,0.3333333333333333,,,,,,,
20251229,4class,loso4_localmix_imr_objective_k8,outputs/20251229/4class/loso4_localmix_imr_objective_k8,outputs/20251229/4class/loso4_localmix_imr_objective_k8/20251229_method_comparison.csv,outputs/20251229/4class/loso4_localmix_imr_objective_k8/20251229_results.txt,paper_fir,"left_hand,right_hand,feet,tongue",0train,6,macro,,,"Preprocessing: mode=paper_fir, bandpass 8.0-30.0 Hz, resample 250.0 Hz, epoch tmin=0.5s, tmax=3.5s, events=['left_hand', 'right_hand', 'feet', 'tongue'], sessions=['0train'], FIR(order=50, window=hamming, causal=True)",ea-csp-lda,9,0.5320216049382716,0.2569444444444444,,,,,,,,,
20251229,4class,loso4_localmix_imr_objective_k8,outputs/20251229/4class/loso4_localmix_imr_objective_k8,outputs/20251229/4class/loso4_localmix_imr_objective_k8/20251229_method_comparison.csv,outputs/20251229/4class/loso4_localmix_imr_objective_k8/20251229_results.txt,paper_fir,"left_hand,right_hand,feet,tongue",0train,6,macro,,,"Preprocessing: mode=paper_fir, bandpass 8.0-30.0 Hz, resample 250.0 Hz, epoch tmin=0.5s, tmax=3.5s, events=['left_hand', 'right_hand', 'feet', 'tongue'], sessions=['0train'], FIR(order=50, window=hamming, causal=True)",ea-zo-imr-csp-lda,9,0.53125,0.2604166666666667,-0.0007716049382715,0.4444444444444444,,,,,,,
20251229,4class,loso4_localmix_imr_oracle,outputs/20251229/4class/loso4_localmix_imr_oracle,outputs/20251229/4class/loso4_localmix_imr_oracle/20251229_method_comparison.csv,outputs/20251229/4class/loso4_localmix_imr_oracle/20251229_results.txt,paper_fir,"left_hand,right_hand,feet,tongue",0train,6,macro,,,"Preprocessing: mode=paper_fir, bandpass 8.0-30.0 Hz, resample 250.0 Hz, epoch tmin=0.5s, tmax=3.5s, events=['left_hand', 'right_hand', 'feet', 'tongue'], sessions=['0train'], FIR(order=50, window=hamming, causal=True)",ea-csp-lda,9,0.5320216049382716,0.2569444444444444,,,,,,,,,
20251229,4class,loso4_localmix_imr_oracle,outputs/20251229/4class/loso4_localmix_imr_oracle,outputs/20251229/4class/loso4_localmix_imr_oracle/20251229_method_comparison.csv,outputs/20251229/4class/loso4_localmix_imr_oracle/20251229_results.txt,paper_fir,"left_hand,right_hand,feet,tongue",0train,6,macro,,,"Preprocessing: mode=paper_fir, bandpass 8.0-30.0 Hz, resample 250.0 Hz, epoch tmin=0.5s, tmax=3.5s, events=['left_hand', 'right_hand', 'feet', 'tongue'], sessions=['0train'], FIR(order=50, window=hamming, causal=True)",ea-zo-imr-csp-lda,9,0.5347222222222222,0.2604166666666667,0.0027006172839506,0.0,,,,,,,
20251229,4class,loso4_localmix_imr_oracle_i200,outputs/20251229/4class/loso4_localmix_imr_oracle_i200,outputs/20251229/4class/loso4_localmix_imr_oracle_i200/20251229_method_comparison.csv,outputs/20251229/4class/loso4_localmix_imr_oracle_i200/20251229_results.txt,paper_fir,"left_hand,right_hand,feet,tongue",0train,6,macro,,,"Preprocessing: mode=paper_fir, bandpass 8.0-30.0 Hz, resample 250.0 Hz, epoch tmin=0.5s, tmax=3.5s, events=['left_hand', 'right_hand', 'feet', 'tongue'], sessions=['0train'], FIR(order=50, window=hamming, causal=True)",ea-csp-lda,9,0.5320216049382716,0.2569444444444444,,,,,,,,,
20251229,4class,loso4_localmix_imr_oracle_i200,outputs/20251229/4class/loso4_localmix_imr_oracle_i200,outputs/20251229/4class/loso4_localmix_imr_oracle_i200/20251229_method_comparison.csv,outputs/20251229/4class/loso4_localmix_imr_oracle_i200/20251229_results.txt,paper_fir,"left_hand,right_hand,feet,tongue",0train,6,macro,,,"Preprocessing: mode=paper_fir, bandpass 8.0-30.0 Hz, resample 250.0 Hz, epoch tmin=0.5s, tmax=3.5s, events=['left_hand', 'right_hand', 'feet', 'tongue'], sessions=['0train'], FIR(order=50, window=hamming, causal=True)",ea-zo-imr-csp-lda,9,0.5347222222222222,0.2604166666666667,0.0027006172839506,0.0,,,,,,,
20251229,4class,loso4_localmix_imr_oracle_k8,outputs/20251229/4class/loso4_localmix_imr_oracle_k8,outputs/20251229/4class/loso4_localmix_imr_oracle_k8/20251229_method_comparison.csv,outputs/20251229/4class/loso4_localmix_imr_oracle_k8/20251229_results.txt,paper_fir,"left_hand,right_hand,feet,tongue",0train,6,macro,,,"Preprocessing: mode=paper_fir, bandpass 8.0-30.0 Hz, resample 250.0 Hz, epoch tmin=0.5s, tmax=3.5s, events=['left_hand', 'right_hand', 'feet', 'tongue'], sessions=['0train'], FIR(order=50, window=hamming, causal=True)",ea-csp-lda,9,0.5320216049382716,0.2569444444444444,,,,,,,,,
20251229,4class,loso4_localmix_imr_oracle_k8,outputs/20251229/4class/loso4_localmix_imr_oracle_k8,outputs/20251229/4class/loso4_localmix_imr_oracle_k8/20251229_method_comparison.csv,outputs/20251229/4class/loso4_localmix_imr_oracle_k8/20251229_results.txt,paper_fir,"left_hand,right_hand,feet,tongue",0train,6,macro,,,"Preprocessing: mode=paper_fir, bandpass 8.0-30.0 Hz, resample 250.0 Hz, epoch tmin=0.5s, tmax=3.5s, events=['left_hand', 'right_hand', 'feet', 'tongue'], sessions=['0train'], FIR(order=50, window=hamming, causal=True)",ea-zo-imr-csp-lda,9,0.5366512345679012,0.2604166666666667,0.0046296296296296,0.0,,,,,,,
20251229,4class,loso4_rawzo_localmix_imr_calguard_k8_cal3_i15,outputs/20251229/4class/loso4_rawzo_localmix_imr_calguard_k8_cal3_i15,outputs/20251229/4class/loso4_rawzo_localmix_imr_calguard_k8_cal3_i15/20251229_method_comparison.csv,outputs/20251229/4class/loso4_rawzo_localmix_imr_calguard_k8_cal3_i15/20251229_results.txt,paper_fir,"left_hand,right_hand,feet,tongue",0train,6,macro,09d967f87a06a3e54a747b47c0399f98373b0a54,"run_csp_lda_loso.py --preprocess paper_fir --n-components 6 --events left_hand,right_hand,feet,tongue --sessions 0train --methods ea-csp-lda,raw-zo-imr-csp-lda --oea-zo-transform local_mix --oea-zo-localmix-neighbors 8 --oea-zo-localmix-self-bias 3.0 --oea-zo-iters 15 --oea-zo-lr 0.2 --oea-zo-mu 0.05 --oea-zo-l2 0.001 --oea-zo-reliable-metric confidence --oea-zo-reliable-threshold 0.7 --oea-zo-reliable-alpha 10 --oea-zo-marginal-mode kl_prior --oea-zo-marginal-beta 0 --oea-zo-marginal-prior anchor_pred --oea-zo-selector calibrated_guard --oea-zo-calib-guard-threshold 0.5 --oea-zo-calib-max-subjects 3 --no-plots --run-name loso4_rawzo_localmix_imr_calguard_k8_cal3_i15","Preprocessing: mode=paper_fir, bandpass 8.0-30.0 Hz, resample 250.0 Hz, epoch tmin=0.5s, tmax=3.5s, events=['left_hand', 'right_hand', 'feet', 'tongue'], sessions=['0train'], FIR(order=50, window=hamming, causal=True)",ea-csp-lda,9,0.5320216049382716,0.2569444444444444,,,,,,,,,
20251229,4class,loso4_rawzo_localmix_imr_calguard_k8_cal3_i15,outputs/20251229/4class/loso4_rawzo_localmix_imr_calguard_k8_cal3_i15,outputs/20251229/4class/loso4_rawzo_localmix_imr_calguard_k8_cal3_i15/20251229_method_comparison.csv,outputs/20251229/4class/loso4_rawzo_localmix_imr_calguard_k8_cal3_i15/20251229_results.txt,paper_fir,"left_hand,right_hand,feet,tongue",0train,6,macro,09d967f87a06a3e54a747b47c0399f98373b0a54,"run_csp_lda_loso.py --preprocess paper_fir --n-components 6 --events left_hand,right_hand,feet,tongue --sessions 0train --methods ea-csp-lda,raw-zo-imr-csp-lda --oea-zo-transform local_mix --oea-zo-localmix-neighbors 8 --oea-zo-localmix-self-bias 3.0 --oea-zo-iters 15 --oea-zo-lr 0.2 --oea-zo-mu 0.05 --oea-zo-l2 0.001 --oea-zo-reliable-metric confidence --oea-zo-reliable-threshold 0.7 --oea-zo-reliable-alpha 10 --oea-zo-marginal-mode kl_prior --oea-zo-marginal-beta 0 --oea-zo-marginal-prior anchor_pred --oea-zo-selector calibrated_guard --oea-zo-calib-guard-threshold 0.5 --oea-zo-calib-max-subjects 3 --no-plots --run-name loso4_rawzo_localmix_imr_calguard_k8_cal3_i15","Preprocessing: mode=paper_fir, bandpass 8.0-30.0 Hz, resample 250.0 Hz, epoch tmin=0.5s, tmax=3.5s, events=['left_hand', 'right_hand', 'feet', 'tongue'], sessions=['0train'], FIR(order=50, window=hamming, causal=True)",raw-zo-imr-csp-lda,9,0.410108024691358,0.2465277777777778,-0.1219135802469136,1.0,,,,,,,
20251229,4class,loso4_riemann_rpa_mdm_baselines,outputs/20251229/4class/loso4_riemann_rpa_mdm_baselines,outputs/20251229/4class/loso4_riemann_rpa_mdm_baselines/20251229_method_comparison.csv,outputs/20251229/4class/loso4_riemann_rpa_mdm_baselines/20251229_results.txt,paper_fir,"left_hand,right_hand,feet,tongue",0train,6,macro,,,"Preprocessing: mode=paper_fir, bandpass 8.0-30.0 Hz, resample 250.0 Hz, epoch tmin=0.5s, tmax=3.5s, events=['left_hand', 'right_hand', 'feet', 'tongue'], sessions=['0train'], FIR(order=50, window=hamming, causal=True)",ea-csp-lda,9,0.5320216049382716,0.2569444444444444,,,,,,,,,
20251229,4class,loso4_riemann_rpa_mdm_baselines,outputs/20251229/4class/loso4_riemann_rpa_mdm_baselines,outputs/20251229/4class/loso4_riemann_rpa_mdm_baselines/20251229_method_comparison.csv,outputs/20251229/4class/loso4_riemann_rpa_mdm_baselines/20251229_results.txt,paper_fir,"left_hand,right_hand,feet,tongue",0train,6,macro,,,"Preprocessing: mode=paper_fir, bandpass 8.0-30.0 Hz, resample 250.0 Hz, epoch tmin=0.5s, tmax=3.5s, events=['left_hand', 'right_hand', 'feet', 'tongue'], sessions=['0train'], FIR(order=50, window=hamming, causal=True)",riemann-mdm,9,0.3352623456790123,0.25,-0.1967592592592592,1.0,,,,,,,
20251229,4class,loso4_riemann_rpa_mdm_baselines,outputs/20251229/4class/loso4_riemann_rpa_mdm_baselines,outputs/20251229/4class/loso4_riemann_rpa_mdm_baselines/20251229_method_comparison.csv,outputs/20251229/4class/loso4_riemann_rpa_mdm_baselines/20251229_results.txt,paper_fir,"left_hand,right_hand,feet,tongue",0train,6,macro,,,"Preprocessing: mode=paper_fir, bandpass 8.0-30.0 Hz, resample 250.0 Hz, epoch tmin=0.5s, tmax=3.5s, events=['left_hand', 'right_hand', 'feet', 'tongue'], sessions=['0train'], FIR(order=50, window=hamming, causal=True)",rpa-mdm,9,0.5181327160493827,0.2569444444444444,-0.0138888888888888,0.5555555555555556,,,,,,,
20251229,4class,loso4_riemann_rpa_mdm_baselines,outputs/20251229/4class/loso4_riemann_rpa_mdm_baselines,outputs/20251229/4class/loso4_riemann_rpa_mdm_baselines/20251229_method_comparison.csv,outputs/20251229/4class/loso4_riemann_rpa_mdm_baselines/20251229_results.txt,paper_fir,"left_hand,right_hand,feet,tongue",0train,6,macro,,,"Preprocessing: mode=paper_fir, bandpass 8.0-30.0 Hz, resample 250.0 Hz, epoch tmin=0.5s, tmax=3.5s, events=['left_hand', 'right_hand', 'feet', 'tongue'], sessions=['0train'], FIR(order=50, window=hamming, causal=True)",rpa-rot-mdm,9,0.5304783950617283,0.2291666666666666,-0.0015432098765432,0.6666666666666666,,,,,,,
